SampleID,Trip Number,Fish Number,ObsSex,Length,Date,Lat,Long,DatasheetType,PrivateData,OtoAge,SampYear,OtolithObs,OtolithMounted
21-SS-HIP-5445,CAR2021241,2,2,38,05-Jul-21,42.73016667,66.13533333,2021_RV,FALSE,2,2021,TRUE,TRUE
21-SS-HIP-5499,CAR2021241,8,1,35,08-Jul-21,41.92433333,66.69633333,2021_RV,FALSE,2,2021,TRUE,TRUE
21-SS-HIP-083,TEL2021002,2,2,25,17-Mar-21,41.89766667,66.7985,2021_RV,FALSE,3,2021,TRUE,TRUE
21-SS-HIP-088,TEL2021002,7,2,25,19-Mar-21,42.084,66.647,2021_RV,FALSE,3,2021,TRUE,TRUE
21-SS-HIP-089,TEL2021002,8,2,44,20-Mar-21,41.847,65.8765,2021_RV,FALSE,3,2021,TRUE,TRUE
21-SS-HIP-090,TEL2021002,9,2,46,20-Mar-21,41.847,65.8765,2021_RV,FALSE,3,2021,TRUE,TRUE
21-SS-HIP-5454,CAR2021241,3,2,41,05-Jul-21,42.8055,65.97383333,2021_RV,FALSE,3,2021,TRUE,TRUE
21-SS-HIP-5472,CAR2021241,5,2,35,05-Jul-21,42.8055,65.97383333,2021_RV,FALSE,3,2021,TRUE,TRUE
21-SS-HIP-5481,CAR2021241,6,2,35,05-Jul-21,42.8055,65.97383333,2021_RV,FALSE,3,2021,TRUE,TRUE
21-SS-HIP-5510,CAR2021240,3,1,38,29-Jul-21,42.58816667,65.36683333,2021_RV,FALSE,3,2021,TRUE,TRUE
21-SS-HIP-5511,CAR2021240,4,2,55,29-Jul-21,42.58816667,65.36683333,2021_RV,FALSE,3,2021,TRUE,TRUE
21-SS-HIP-5514,CAR2021240,6,1,39,29-Jul-21,42.58816667,65.36683333,2021_RV,FALSE,3,2021,TRUE,TRUE
21-SS-HIP-5524,CAR2021240,16,1,26,31-Jul-21,45.01633333,65.30983333,2021_RV,FALSE,3,2021,TRUE,TRUE
22-SS-HIP-0017,CAB2022010,15,2,25,22-Jul-22,42.7985,65.96783333,2022_RVSurvey,FALSE,3,2022,TRUE,FALSE
22-SS-HIP-0026,CAB2022010,24,2,36,03-Aug-22,42.857,64.598,2022_RVSurvey,FALSE,3,2022,TRUE,FALSE
22-SS-HIP-0028,CAB2022010,26,2,37,05-Aug-22,43.52066667,62.46716667,2022_RVSurvey,FALSE,3,2022,TRUE,FALSE
23-SS-HIP-0474,TEL2023010,149,2,35,24-Jul-23,44.08766667,61.11133333,2023_RVSurvey,FALSE,3,2023,TRUE,FALSE
21-SS-HIP-4514,J21-9010,15,2,85,18-Jun-21,43.28567,-66.47917,2021_FishMorph_HalibutSurvey,TRUE,4,2021,TRUE,TRUE
21-SS-HIP-084,TEL2021002,3,2,27,17-Mar-21,41.89766667,66.7985,2021_RV,FALSE,4,2021,TRUE,TRUE
21-SS-HIP-086,TEL2021002,5,2,24,17-Mar-21,42.10466667,66.80183333,2021_RV,FALSE,4,2021,TRUE,TRUE
21-SS-HIP-087,TEL2021002,6,2,23,18-Mar-21,42.11533333,66.6945,2021_RV,FALSE,4,2021,TRUE,TRUE
21-SS-HIP-092,TEL2021002,11,2,45,27-Mar-21,42.15316667,66.50533333,2021_RV,FALSE,4,2021,TRUE,TRUE
21-SS-HIP-093,TEL2021002,12,2,45,27-Mar-21,42.15316667,66.50533333,2021_RV,FALSE,4,2021,TRUE,TRUE
21-SS-HIP-094,TEL2021002,13,2,75,27-Mar-21,42.15316667,66.50533333,2021_RV,FALSE,4,2021,TRUE,TRUE
21-SS-HIP-5436,CAR2021241,1,2,88,05-Jul-21,42.73016667,66.13533333,2021_RV,FALSE,4,2021,TRUE,TRUE
21-SS-HIP-5463,CAR2021241,4,1,51,05-Jul-21,42.8055,65.97383333,2021_RV,FALSE,4,2021,TRUE,TRUE
21-SS-HIP-5490,CAR2021241,7,2,83,05-Jul-21,42.70233333,66.26183333,2021_RV,FALSE,4,2021,TRUE,TRUE
21-SS-HIP-5498,CAR2021241,11,2,78,10-Jul-21,42.869,64.32133333,2021_RV,FALSE,4,2021,TRUE,TRUE
21-SS-HIP-5508,CAR2021241,9,2,31,08-Jul-21,41.92433333,66.69633333,2021_RV,FALSE,4,2021,TRUE,TRUE
21-SS-HIP-5513,CAR2021240,5,2,49,29-Jul-21,42.58816667,65.36683333,2021_RV,FALSE,4,2021,TRUE,TRUE
21-SS-HIP-5515,CAR2021240,7,1,37,29-Jul-21,42.58816667,65.36683333,2021_RV,FALSE,4,2021,TRUE,TRUE
21-SS-HIP-5516,CAR2021240,8,1,40,29-Jul-21,42.58816667,65.36683333,2021_RV,FALSE,4,2021,TRUE,TRUE
21-SS-HIP-5517,CAR2021240,9,1,38,30-Jul-21,42.51866667,65.80316667,2021_RV,FALSE,4,2021,TRUE,TRUE
21-SS-HIP-5520,CAR2021240,12,2,65,31-Jul-21,43.90483333,66.58233333,2021_RV,FALSE,4,2021,TRUE,TRUE
21-SS-HIP-5521,CAR2021240,13,2,50,31-Jul-21,43.90483333,66.58233333,2021_RV,FALSE,4,2021,TRUE,TRUE
21-SS-HIP-5523,CAR2021240,15,2,42,31-Jul-21,45.01633333,65.30983333,2021_RV,FALSE,4,2021,TRUE,TRUE
21-SS-HIP-5525,CAR2021240,17,1,34,01-Aug-21,45.14166667,65.5685,2021_RV,FALSE,4,2021,TRUE,TRUE
21-SS-HIP-5527,CAR2021240,21,2,75,05-Aug-21,44.171,66.8345,2021_RV,FALSE,4,2021,TRUE,TRUE
21-SS-HIP-5530,CAR2021240,22,1,38,06-Aug-21,43.12816667,63.96166667,2021_RV,FALSE,4,2021,TRUE,TRUE
21-SS-HIP-5533,CAR2021240,26,1,60,08-Aug-21,43.3504,-62.3562,2021_RV,FALSE,4,2021,TRUE,TRUE
21-SS-HIP-6385,J22-0029,67,1,73,12-Feb-22,44.494,-57.22733,2022_Maturity,TRUE,4,2022,TRUE,TRUE
21-SS-HIP-6485,J22-0029,86,1,75,13-Feb-22,44.49233,-57.2185,2022_Maturity,TRUE,4,2022,TRUE,TRUE
22-SS-HIP-1016,J22-0180,44,2,82,21-Oct-22,43.25883,-64.17183,2022_Maturity,TRUE,4,2022,TRUE,FALSE
22-SS-HIP-1020,J22-0180,48,1,72,21-Oct-22,43.25883,-64.17183,2022_Maturity,TRUE,4,2022,TRUE,TRUE
22-SS-HIP-0002,CAB2022010,1,1,25,20-Jul-22,43.3125,64.67016667,2022_RVSurvey,FALSE,4,2022,TRUE,FALSE
22-SS-HIP-0005,CAB2022010,3,2,48,22-Jul-22,42.6085,65.44916667,2022_RVSurvey,FALSE,4,2022,TRUE,FALSE
22-SS-HIP-0006,CAB2022010,4,1,42,22-Jul-22,42.6085,65.44916667,2022_RVSurvey,FALSE,4,2022,TRUE,FALSE
22-SS-HIP-0007,CAB2022010,5,1,37,22-Jul-22,42.6085,65.44916667,2022_RVSurvey,FALSE,4,2022,TRUE,FALSE
22-SS-HIP-0010,CAB2022010,8,1,50,22-Jul-22,42.68683333,65.719,2022_RVSurvey,FALSE,4,2022,TRUE,FALSE
22-SS-HIP-0011,CAB2022010,9,1,36,22-Jul-22,42.68683333,65.719,2022_RVSurvey,FALSE,4,2022,TRUE,FALSE
22-SS-HIP-0018,CAB2022010,16,2,43,22-Jul-22,42.7985,65.96783333,2022_RVSurvey,FALSE,4,2022,TRUE,FALSE
22-SS-HIP-0020,CAB2022010,18,1,37,27-Jul-22,44.90733333,65.60566667,2022_RVSurvey,FALSE,4,2022,TRUE,FALSE
22-SS-HIP-0025,CAB2022010,23,2,53,02-Aug-22,42.55833333,65.58066667,2022_RVSurvey,FALSE,4,2022,TRUE,FALSE
22-SS-HIP-0227,TEL2022010,64,1,37,22-Jul-22,42.68083333,65.731,2022_RVSurvey,FALSE,4,2022,TRUE,TRUE
22-SS-HIP-0233,TEL2022010,70,1,46,22-Jul-22,42.68083333,65.731,2022_RVSurvey,FALSE,4,2022,TRUE,TRUE
23-SS-HIP-0011,VEN2023001,11,2,55,18-Feb-23,41.7245,65.90883333,2023_WinterSpring_RVSurvey,FALSE,4,2023,TRUE,FALSE
20-SS-HS-HYP-1564,J20-0251B,939,2,103,31-Jul-20,44.83,-54.37733,2020_HalibutSurvey,TRUE,5,2020,TRUE,TRUE
20-SS-HS-HYP-182,J20-0020A,516,2,131,08-Jun-20,44.702,-56.86817,2020_HalibutSurvey,TRUE,5,2020,TRUE,TRUE
20-SS-HS-HYP-264,J20-0020A,669,1,96,11-Jun-20,44.39833,-57.377,2020_HalibutSurvey,TRUE,5,2020,TRUE,TRUE
20-SS-HS-HYP-556,J20-0020B,NA,2,115,04-Jul-20,42.91667,-50.73117,2020_HalibutSurvey,TRUE,5,2020,TRUE,TRUE
20-SS-HS-HYP-619,J20-0020B,NA,1,104,05-Jul-20,42.88283,-50.5465,2020_HalibutSurvey,TRUE,5,2020,TRUE,TRUE
20-SS-HS-HYP-62,J20-0020A,217,1,90,06-Jun-20,44.395,-57.3825,2020_HalibutSurvey,TRUE,5,2020,TRUE,TRUE
21-SS-HIP-2645,J21-9002,57,1,102,07-Jun-21,43.844,-66.32967,2021_FishMorph_HalibutSurvey,TRUE,5,2021,TRUE,TRUE
21-SS-HIP-3327,J21-9004,6,2,104,07-Jun-21,43.274,-66.46733,2021_FishMorph_HalibutSurvey,TRUE,5,2021,TRUE,TRUE
21-SS-HIP-3356,J21-9004,45,2,97,11-Jun-21,43.143,-66.44883,2021_FishMorph_HalibutSurvey,TRUE,5,2021,TRUE,TRUE
21-SS-HIP-3397,J21-9004,178,2,95,06-Jun-21,43.17233,-66.47983,2021_FishMorph_HalibutSurvey,TRUE,5,2021,TRUE,TRUE
21-SS-HIP-4466,J21-9006,35,1,95,15-Jun-21,43.62733,-66.349,2021_FishMorph_HalibutSurvey,TRUE,5,2021,TRUE,TRUE
21-SS-HIP-2290,J21-0016,320,2,100,11-Aug-21,44.79133,-49.06,2021_HalSurvTagObs_HalibutSurvey,TRUE,5,2021,TRUE,TRUE
21-SS-HIP-085,TEL2021002,4,1,22,17-Mar-21,42.10466667,66.80183333,2021_RV,FALSE,5,2021,TRUE,TRUE
21-SS-HIP-5509,CAR2021240,2,1,69,29-Jul-21,42.67883333,65.31383333,2021_RV,FALSE,5,2021,TRUE,TRUE
21-SS-HIP-5519,CAR2021240,11,1,42,30-Jul-21,42.72366667,66.455,2021_RV,FALSE,5,2021,TRUE,TRUE
21-SS-HIP-5522,CAR2021240,14,1,68,31-Jul-21,45.01633333,65.30983333,2021_RV,FALSE,5,2021,TRUE,TRUE
21-SS-HIP-5526,CAR2021240,18,2,81,01-Aug-21,45.02083333,66.00533333,2021_RV,FALSE,5,2021,TRUE,TRUE
21-SS-HIP-2958,J22-9013,9,1,82,16-Jul-22,42.71717,-65.117,2022_FishMorphology_Port,TRUE,5,2022,TRUE,FALSE
21-SS-HIP-4144,J22-9008,13,2,100,21-Jun-22,43.20517,-66.12817,2022_FishMorphology_Port,TRUE,5,2022,TRUE,FALSE
21-SS-HIP-4669,J22-9002,87,1,155,02-Jun-22,42.1085,-66.76333,2022_FishMorphology_Port,TRUE,5,2022,TRUE,TRUE
21-SS-HIP-255,J22-0180,147,1,81,23-Oct-22,43.2355,-64.10867,2022_Maturity,TRUE,5,2022,TRUE,TRUE
21-SS-HIP-3149,J22-0187,153,1,78,07-Dec-22,44.57117,-56.83567,2022_Maturity,TRUE,5,2022,TRUE,TRUE
21-SS-HIP-3159,J22-0187,163,1,74,09-Dec-22,44.13367,-59.142,2022_Maturity,TRUE,5,2022,TRUE,TRUE
21-SS-HIP-5159,J22-0034,56,1,86,10-Mar-22,42.29633,-65.0505,2022_Maturity,TRUE,5,2022,TRUE,TRUE
21-SS-HIP-5356,J23-0004,220,1,78,25-Jan-23,44.25483,-53.02667,2022_Maturity,TRUE,5,2022,TRUE,TRUE
21-SS-HIP-6341,J22-0029,23,1,85,11-Feb-22,44.49917,-57.06117,2022_Maturity,TRUE,5,2022,TRUE,TRUE
21-SS-HIP-6370,J22-0029,52,2,82,11-Feb-22,44.49183,-57.1755,2022_Maturity,TRUE,5,2022,TRUE,TRUE
21-SS-HIP-6381,J22-0029,63,2,77,12-Feb-22,44.493,-57.173,2022_Maturity,TRUE,5,2022,TRUE,TRUE
21-SS-HIP-6493,J22-0029,94,1,79,14-Feb-22,44.497,-57.16333,2022_Maturity,TRUE,5,2022,TRUE,TRUE
21-SS-HIP-6495,J22-0029,96,1,74,14-Feb-22,44.50217,-57.12383,2022_Maturity,TRUE,5,2022,TRUE,TRUE
21-SS-HIP-6515,J22-0029,116,2,126,19-Feb-22,44.38083,-53.42667,2022_Maturity,TRUE,5,2022,TRUE,TRUE
22-SS-HIP-0980,J22-0180,8,2,93,21-Oct-22,43.2485,-64.124,2022_Maturity,TRUE,5,2022,TRUE,TRUE
22-SS-HIP-0988,J22-0180,16,2,76,21-Oct-22,43.2485,-64.124,2022_Maturity,TRUE,5,2022,TRUE,TRUE
22-SS-HIP-1001,J22-0180,29,1,76,21-Oct-22,43.25883,-64.17183,2022_Maturity,TRUE,5,2022,TRUE,TRUE
22-SS-HIP-1007,J22-0180,35,1,75,21-Oct-22,43.25883,-64.17183,2022_Maturity,TRUE,5,2022,TRUE,TRUE
22-SS-HIP-1019,J22-0180,47,2,75,21-Oct-22,43.25883,-64.17183,2022_Maturity,TRUE,5,2022,TRUE,FALSE
22-SS-HIP-1041,J22-0180,98,1,63,22-Oct-22,43.26333,-64.12017,2022_Maturity,TRUE,5,2022,TRUE,TRUE
22-SS-HIP-1042,J22-0180,99,1,78,22-Oct-22,43.26333,-64.12017,2022_Maturity,TRUE,5,2022,TRUE,TRUE
22-SS-HIP-1044,J22-0180,101,1,67,22-Oct-22,43.26333,-64.12017,2022_Maturity,TRUE,5,2022,TRUE,TRUE
22-SS-HIP-1051,J22-0180,127,2,83,22-Oct-22,43.284,-64.215,2022_Maturity,TRUE,5,2022,TRUE,TRUE
22-SS-HIP-1052,J22-0180,124,1,68,22-Oct-22,43.284,-64.215,2022_Maturity,TRUE,5,2022,TRUE,TRUE
22-SS-HIP-1382,J22-0177,87,1,77,20-Oct-22,44.96033,-54.65383,2022_Maturity,TRUE,5,2022,TRUE,TRUE
22-SS-HIP-0003,CAB2022010,2,1,60,20-Jul-22,43.43933333,64.75933333,2022_RVSurvey,FALSE,5,2022,TRUE,FALSE
22-SS-HIP-0008,CAB2022010,6,1,46,22-Jul-22,42.68683333,65.719,2022_RVSurvey,FALSE,5,2022,TRUE,FALSE
22-SS-HIP-0009,CAB2022010,7,1,38,22-Jul-22,42.68683333,65.719,2022_RVSurvey,FALSE,5,2022,TRUE,FALSE
22-SS-HIP-0012,CAB2022010,10,1,41,22-Jul-22,42.68683333,65.719,2022_RVSurvey,FALSE,5,2022,TRUE,FALSE
22-SS-HIP-0015,CAB2022010,13,1,55,22-Jul-22,42.68683333,65.719,2022_RVSurvey,FALSE,5,2022,TRUE,TRUE
22-SS-HIP-0016,CAB2022010,14,2,41,22-Jul-22,42.7985,65.96783333,2022_RVSurvey,FALSE,5,2022,TRUE,FALSE
22-SS-HIP-0022,CAB2022010,20,1,53,31-Jul-22,41.926,66.11916667,2022_RVSurvey,FALSE,5,2022,TRUE,FALSE
22-SS-HIP-0023,CAB2022010,21,1,49,31-Jul-22,41.926,66.11916667,2022_RVSurvey,FALSE,5,2022,TRUE,FALSE
22-SS-HIP-0024,CAB2022010,22,1,52,31-Jul-22,41.95933333,66.08133333,2022_RVSurvey,FALSE,5,2022,TRUE,FALSE
23-SS-HIP-0213,TEL2023010,51,1,69,16-Jul-23,43.4005,62.1965,2023_RVSurvey,FALSE,5,2023,TRUE,FALSE
23-SS-HIP-0010,VEN2023001,10,2,63,16-Feb-23,42.23433333,66.7635,2023_WinterSpring_RVSurvey,FALSE,5,2023,TRUE,FALSE
20-SS-HS-HYP-109,J20-0020A,328,1,97,06-Jun-20,44.41017,-57.2825,2020_HalibutSurvey,TRUE,6,2020,TRUE,TRUE
20-SS-HS-HYP-122,J20-0020A,349,2,117,06-Jun-20,44.44617,-57.24117,2020_HalibutSurvey,TRUE,6,2020,TRUE,TRUE
20-SS-HS-HYP-132,J20-0020A,367,2,108,06-Jun-20,44.42833,-57.26867,2020_HalibutSurvey,TRUE,6,2020,TRUE,TRUE
20-SS-HS-HYP-133,J20-0020A,368,1,93,06-Jun-20,44.42833,-57.26867,2020_HalibutSurvey,TRUE,6,2020,TRUE,TRUE
20-SS-HS-HYP-163,J20-0020A,456,1,83,08-Jun-20,44.67283,-56.89533,2020_HalibutSurvey,TRUE,6,2020,TRUE,TRUE
20-SS-HS-HYP-177,J20-0020A,491,2,90,08-Jun-20,44.7245,-56.887,2020_HalibutSurvey,TRUE,6,2020,TRUE,TRUE
20-SS-HS-HYP-187,J20-0020A,523,1,92,08-Jun-20,44.702,-56.86817,2020_HalibutSurvey,TRUE,6,2020,TRUE,TRUE
20-SS-HS-HYP-212,J20-0020A,596,1,94,10-Jun-20,44.62617,-56.48983,2020_HalibutSurvey,TRUE,6,2020,TRUE,TRUE
20-SS-HS-HYP-251,J20-0020A,654,1,114,10-Jun-20,44.58333,-56.63567,2020_HalibutSurvey,TRUE,6,2020,TRUE,TRUE
20-SS-HS-HYP-265,J20-0020A,670,1,105,11-Jun-20,44.39833,-57.377,2020_HalibutSurvey,TRUE,6,2020,TRUE,TRUE
20-SS-HS-HYP-488,J20-0020B,NA,2,84,28-Jun-20,44.425,-51.7655,2020_HalibutSurvey,TRUE,6,2020,TRUE,TRUE
20-SS-HS-HYP-499,J20-0020B,NA,1,98,28-Jun-20,44.425,-51.7655,2020_HalibutSurvey,TRUE,6,2020,TRUE,TRUE
20-SS-HS-HYP-500,J20-0020B,NA,2,110,29-Jun-20,44.60717,-50.323,2020_HalibutSurvey,TRUE,6,2020,TRUE,TRUE
20-SS-HS-HYP-512,J20-0020B,NA,2,105,29-Jun-20,44.512,-50.36967,2020_HalibutSurvey,TRUE,6,2020,TRUE,TRUE
20-SS-HS-HYP-522,J20-0020B,NA,1,96,29-Jun-20,44.47117,-50.259,2020_HalibutSurvey,TRUE,6,2020,TRUE,TRUE
20-SS-HS-HYP-53,J20-0020A,205,1,89,05-Jun-20,44.38317,-57.453,2020_HalibutSurvey,TRUE,6,2020,TRUE,TRUE
20-SS-HS-HYP-540,J20-0020B,NA,2,103,04-Jul-20,42.91233,-50.71783,2020_HalibutSurvey,TRUE,6,2020,TRUE,TRUE
20-SS-HS-HYP-599,J20-0020B,NA,1,100,04-Jul-20,42.8745,-50.632,2020_HalibutSurvey,TRUE,6,2020,TRUE,TRUE
20-SS-HS-HYP-615,J20-0020B,NA,2,102,05-Jul-20,42.88283,-50.5465,2020_HalibutSurvey,TRUE,6,2020,TRUE,TRUE
20-SS-HS-HYP-731,J20-0020B,NA,1,108,05-Jul-20,42.802,-50.49317,2020_HalibutSurvey,TRUE,6,2020,TRUE,TRUE
20-SS-HS-HYP-74,J20-0020A,252,2,87,06-Jun-20,44.395,-57.3825,2020_HalibutSurvey,TRUE,6,2020,TRUE,TRUE
20-SS-HS-HYP-81,J20-0020A,270,1,89,06-Jun-20,44.37617,-57.38783,2020_HalibutSurvey,TRUE,6,2020,TRUE,TRUE
20-SS-HS-HYP-91,J20-0020A,285,2,105,06-Jun-20,44.39783,-57.31867,2020_HalibutSurvey,TRUE,6,2020,TRUE,TRUE
21-SS-HIP-2765,J21-9003,12,2,124,10-Jun-21,43.16017,-66.0685,2021_FishMorph_HalibutSurvey,TRUE,6,2021,TRUE,TRUE
21-SS-HIP-3329,J21-9004,8,2,99,08-Jun-21,43.26417,-66.52533,2021_FishMorph_HalibutSurvey,TRUE,6,2021,TRUE,TRUE
21-SS-HIP-3341,J21-9004,23,2,107,07-Jun-21,43.2395,-66.51283,2021_FishMorph_HalibutSurvey,TRUE,6,2021,TRUE,TRUE
21-SS-HIP-4302,J21-9001,9,2,97,03-Jun-21,43.49983,-66.23667,2021_FishMorph_HalibutSurvey,TRUE,6,2021,TRUE,TRUE
21-SS-HIP-4556,J21-9010,82,1,92,17-Jun-21,43.18317,-66.4575,2021_FishMorph_HalibutSurvey,TRUE,6,2021,TRUE,TRUE
21-SS-HIP-4557,J21-9010,87,2,84,21-Jun-21,43.18733,-66.45683,2021_FishMorph_HalibutSurvey,TRUE,6,2021,TRUE,TRUE
21-SS-HIP-1332,J21-0004B,350,2,117,NA,42.92133,-50.75733,2021_HalSurvTagObs_HalibutSurvey,TRUE,6,2021,TRUE,TRUE
21-SS-HIP-2273,J21-0016,294,1,101,11-Aug-21,44.81433,-49.02683,2021_HalSurvTagObs_HalibutSurvey,TRUE,6,2021,TRUE,TRUE
21-SS-HIP-2678,J21-0122,14,1,92,11-Jun-21,43.02833,-64.06117,2021_HalSurvTagObs_HalibutSurvey,TRUE,6,2021,TRUE,TRUE
21-SS-HIP-3280,J21-0120,53,2,90,03-Jun-21,43.18583,-64.87133,2021_HalSurvTagObs_HalibutSurvey,TRUE,6,2021,TRUE,TRUE
21-SS-HIP-3297,J21-0120,76,2,114,03-Jun-21,43.109,-65.07033,2021_HalSurvTagObs_HalibutSurvey,TRUE,6,2021,TRUE,TRUE
21-SS-HIP-3303,J21-0120,83,1,88,04-Jun-21,43.06483,-65.2605,2021_HalSurvTagObs_HalibutSurvey,TRUE,6,2021,TRUE,TRUE
21-SS-HIP-091,TEL2021002,10,1,44,27-Mar-21,42.15316667,66.50533333,2021_RV,FALSE,6,2021,TRUE,TRUE
21-SS-HIP-5532,CAR2021240,25,1,82,08-Aug-21,43.584,62.59366667,2021_RV,FALSE,6,2021,TRUE,TRUE
21-SS-HIP-2476,J22-9014,17,1,85,27-Jul-22,42.66667,-65.43333,2022_FishMorphology_Port,TRUE,6,2022,TRUE,FALSE
21-SS-HIP-2930,J22-9011,70,2,87,08-Jun-22,42.78333,-62.83333,2022_FishMorphology_Port,TRUE,6,2022,TRUE,FALSE
21-SS-HIP-2986,J22-9013,55,1,98,18-Jul-22,42.66383,-65.20733,2022_FishMorphology_Port,TRUE,6,2022,TRUE,FALSE
21-SS-HIP-3568,J22-9014,109,1,87,28-Jul-22,42.73333,-65.53333,2022_FishMorphology_Port,TRUE,6,2022,TRUE,FALSE
21-SS-HIP-3670,J22-9017,40,2,105,03-Aug-22,42.6965,-65.15483,2022_FishMorphology_Port,TRUE,6,2022,TRUE,FALSE
21-SS-HIP-4117,J22-9010,12,1,116,25-Jun-22,44.22833,-67.09667,2022_FishMorphology_Port,TRUE,6,2022,TRUE,FALSE
21-SS-HIP-4138,J22-9008,7,2,86,21-Jun-22,43.2115,-66.07533,2022_FishMorphology_Port,TRUE,6,2022,TRUE,FALSE
21-SS-HIP-4677,J22-9002,102,1,137,01-Jun-22,42.1515,-66.75117,2022_FishMorphology_Port,TRUE,6,2022,TRUE,TRUE
22-SS-HIP-2825,J22-0102B,123,2,145,21-Jun-22,46.08933,-58.76933,2022_HalSurvTagObs_HalibutSurvey,TRUE,6,2022,TRUE,TRUE
22-SS-HIP-2830,J22-0102B,137,2,141,21-Jun-22,46.03167,-58.6935,2022_HalSurvTagObs_HalibutSurvey,TRUE,6,2022,TRUE,FALSE
21-SS-HIP-245,J22-0180,126,1,87,22-Oct-22,43.284,-64.215,2022_Maturity,TRUE,6,2022,TRUE,TRUE
21-SS-HIP-247,J22-0180,132,1,62,22-Oct-22,43.284,-64.215,2022_Maturity,TRUE,6,2022,TRUE,TRUE
21-SS-HIP-249,J22-0180,137,2,97,23-Oct-22,43.2355,-64.10867,2022_Maturity,TRUE,6,2022,TRUE,TRUE
21-SS-HIP-250,J22-0180,138,2,91,23-Oct-22,43.2355,-64.10867,2022_Maturity,TRUE,6,2022,TRUE,TRUE
21-SS-HIP-260,J22-0180,153,2,81,23-Oct-22,43.24517,-64.15367,2022_Maturity,TRUE,6,2022,TRUE,TRUE
21-SS-HIP-261,J22-0180,155,2,86,23-Oct-22,43.24517,-64.15367,2022_Maturity,TRUE,6,2022,TRUE,TRUE
21-SS-HIP-271,J22-0180,168,1,91,23-Oct-22,43.27033,-64.09083,2022_Maturity,TRUE,6,2022,TRUE,TRUE
21-SS-HIP-285,J22-0180,183,2,108,23-Oct-22,43.27033,-64.09083,2022_Maturity,TRUE,6,2022,TRUE,TRUE
21-SS-HIP-289,J22-0180,187,2,85,23-Oct-22,43.2805,-64.132,2022_Maturity,TRUE,6,2022,TRUE,TRUE
21-SS-HIP-3027,J22-0190,191,1,80,05-Dec-22,44.94267,-54.61917,2022_Maturity,TRUE,6,2022,TRUE,FALSE
21-SS-HIP-3041,J22-0190,203,2,82,06-Dec-22,44.38083,-53.428,2022_Maturity,TRUE,6,2022,TRUE,TRUE
21-SS-HIP-307,J22-0180,213,2,111,24-Oct-22,43.42217,-65.112,2022_Maturity,TRUE,6,2022,TRUE,TRUE
21-SS-HIP-3087,J22-0187,90,1,83,03-Dec-22,44.564,-57.03467,2022_Maturity,TRUE,6,2022,TRUE,TRUE
21-SS-HIP-3130,J22-0187,133,1,96,06-Dec-22,44.528,-56.789,2022_Maturity,TRUE,6,2022,TRUE,TRUE
21-SS-HIP-3143,J22-0187,146,1,84,07-Dec-22,44.58583,-56.7685,2022_Maturity,TRUE,6,2022,TRUE,TRUE
21-SS-HIP-4272,J23-0004,87,2,82,24-Jan-23,44.34783,-53.39583,2022_Maturity,TRUE,6,2022,TRUE,TRUE
21-SS-HIP-4812,J22-0187,33,1,87,25-Nov-22,43.53867,-59.785,2022_Maturity,TRUE,6,2022,TRUE,TRUE
21-SS-HIP-5165,J22-0034,62,2,136,11-Mar-22,42.31683,-64.92683,2022_Maturity,TRUE,6,2022,TRUE,TRUE
21-SS-HIP-5170,J22-0034,67,1,99,11-Mar-22,42.4125,-64.798,2022_Maturity,TRUE,6,2022,TRUE,TRUE
21-SS-HIP-5171,J22-0034,68,2,122,11-Mar-22,42.4125,-64.798,2022_Maturity,TRUE,6,2022,TRUE,TRUE
21-SS-HIP-6333,J22-0029,15,1,94,08-Feb-22,44.49317,-57.16583,2022_Maturity,TRUE,6,2022,TRUE,TRUE
21-SS-HIP-6337,J22-0029,19,2,74,08-Feb-22,44.49317,-57.16583,2022_Maturity,TRUE,6,2022,TRUE,TRUE
21-SS-HIP-6340,J22-0029,22,1,89,11-Feb-22,44.49917,-57.06117,2022_Maturity,TRUE,6,2022,TRUE,TRUE
21-SS-HIP-6348,J22-0029,30,2,83,11-Feb-22,44.49917,-57.06117,2022_Maturity,TRUE,6,2022,TRUE,TRUE
21-SS-HIP-6349,J22-0029,31,2,100,11-Feb-22,44.49917,-57.06117,2022_Maturity,TRUE,6,2022,TRUE,TRUE
21-SS-HIP-6359,J22-0029,41,1,79,11-Feb-22,44.49183,-57.1755,2022_Maturity,TRUE,6,2022,TRUE,TRUE
21-SS-HIP-6360,J22-0029,42,2,109,11-Feb-22,44.49183,-57.1755,2022_Maturity,TRUE,6,2022,TRUE,TRUE
21-SS-HIP-6364,J22-0029,46,2,107,11-Feb-22,44.49183,-57.1755,2022_Maturity,TRUE,6,2022,TRUE,TRUE
21-SS-HIP-6369,J22-0029,51,2,122,11-Feb-22,44.49183,-57.1755,2022_Maturity,TRUE,6,2022,TRUE,TRUE
21-SS-HIP-6372,J22-0029,54,2,91,12-Feb-22,44.493,-57.173,2022_Maturity,TRUE,6,2022,TRUE,TRUE
21-SS-HIP-6375,J22-0029,57,1,80,12-Feb-22,44.493,-57.173,2022_Maturity,TRUE,6,2022,TRUE,TRUE
21-SS-HIP-6376,J22-0029,58,1,78,12-Feb-22,44.493,-57.173,2022_Maturity,TRUE,6,2022,TRUE,TRUE
21-SS-HIP-6379,J22-0029,61,2,88,12-Feb-22,44.493,-57.173,2022_Maturity,TRUE,6,2022,TRUE,TRUE
21-SS-HIP-6392,J22-0029,74,2,118,13-Feb-22,44.49817,-57.06267,2022_Maturity,TRUE,6,2022,TRUE,TRUE
21-SS-HIP-6483,J22-0029,84,2,101,13-Feb-22,44.5085,-57.113,2022_Maturity,TRUE,6,2022,TRUE,TRUE
21-SS-HIP-6491,J22-0029,92,2,110,14-Feb-22,44.497,-57.16333,2022_Maturity,TRUE,6,2022,TRUE,TRUE
21-SS-HIP-6519,J22-0029,120,2,117,19-Feb-22,44.38083,-53.42667,2022_Maturity,TRUE,6,2022,TRUE,TRUE
21-SS-HIP-6520,J22-0029,121,2,130,19-Feb-22,44.38083,-53.42667,2022_Maturity,TRUE,6,2022,TRUE,TRUE
21-SS-HIP-6535,J22-0029,136,2,133,20-Feb-22,44.36467,-53.32083,2022_Maturity,TRUE,6,2022,TRUE,TRUE
22-SS-HIP-0986,J22-0180,14,2,72,21-Oct-22,43.2485,-64.124,2022_Maturity,TRUE,6,2022,TRUE,TRUE
22-SS-HIP-0989,J22-0180,17,2,91,21-Oct-22,43.2485,-64.124,2022_Maturity,TRUE,6,2022,TRUE,TRUE
22-SS-HIP-0992,J22-0180,20,2,86,21-Oct-22,43.2485,-64.124,2022_Maturity,TRUE,6,2022,TRUE,TRUE
22-SS-HIP-0993,J22-0180,21,2,91,21-Oct-22,43.2485,-64.124,2022_Maturity,TRUE,6,2022,TRUE,FALSE
22-SS-HIP-0995,J22-0180,23,2,96,21-Oct-22,43.25883,-64.17183,2022_Maturity,TRUE,6,2022,TRUE,FALSE
22-SS-HIP-0997,J22-0180,25,2,100,21-Oct-22,43.25883,-64.17183,2022_Maturity,TRUE,6,2022,TRUE,TRUE
22-SS-HIP-1003,J22-0180,31,2,100,21-Oct-22,43.25883,-64.17183,2022_Maturity,TRUE,6,2022,TRUE,TRUE
22-SS-HIP-1017,J22-0180,54,2,104,21-Oct-22,43.25883,-64.17183,2022_Maturity,TRUE,6,2022,TRUE,FALSE
22-SS-HIP-1028,J22-0180,72,2,111,22-Oct-22,43.27333,-64.1675,2022_Maturity,TRUE,6,2022,TRUE,TRUE
22-SS-HIP-1029,J22-0180,73,1,82,22-Oct-22,43.27333,-64.1675,2022_Maturity,TRUE,6,2022,TRUE,TRUE
22-SS-HIP-1030,J22-0180,74,2,78,22-Oct-22,43.27333,-64.1675,2022_Maturity,TRUE,6,2022,TRUE,TRUE
22-SS-HIP-1033,J22-0180,78,1,87,22-Oct-22,43.26333,-64.12017,2022_Maturity,TRUE,6,2022,TRUE,TRUE
22-SS-HIP-1036,J22-0180,82,2,72,22-Oct-22,43.26333,-64.12017,2022_Maturity,TRUE,6,2022,TRUE,TRUE
22-SS-HIP-1037,J22-0180,83,2,87,22-Oct-22,43.26333,-64.12017,2022_Maturity,TRUE,6,2022,TRUE,TRUE
22-SS-HIP-1046,J22-0180,106,2,100,22-Oct-22,43.26867,-64.21967,2022_Maturity,TRUE,6,2022,TRUE,TRUE
22-SS-HIP-1048,J22-0180,111,2,94,22-Oct-22,43.26867,-64.21967,2022_Maturity,TRUE,6,2022,TRUE,TRUE
22-SS-HIP-1053,J22-0180,120,2,82,22-Oct-22,43.284,-64.215,2022_Maturity,TRUE,6,2022,TRUE,TRUE
22-SS-HIP-1424,J22-0177,129,1,70,23-Oct-22,44.941,-55.46833,2022_Maturity,TRUE,6,2022,TRUE,TRUE
22-SS-HIP-1456,J22-0177,161,2,107,24-Oct-22,44.822,-55.58033,2022_Maturity,TRUE,6,2022,TRUE,TRUE
22-SS-HIP-1725,J22-0177,24,1,102,17-Oct-22,44.786,-55.56583,2022_Maturity,TRUE,6,2022,TRUE,TRUE
22-SS-HIP-1958,J23-0031,15,1,99,28-Jan-23,42.04883,-65.54317,2022_Maturity,TRUE,6,2022,TRUE,TRUE
22-SS-HIP-1962,J23-0031,19,1,83,29-Jan-23,42.08467,-65.57733,2022_Maturity,TRUE,6,2022,TRUE,TRUE
22-SS-HIP-1986,J23-0031,43,1,86,30-Jan-23,42.05433,-65.55867,2022_Maturity,TRUE,6,2022,TRUE,TRUE
22-SS-HIP-1987,J23-0031,44,1,85,30-Jan-23,42.07117,-65.5665,2022_Maturity,TRUE,6,2022,TRUE,TRUE
22-SS-HIP-0019,CAB2022010,17,2,76,24-Jul-22,44.08816667,66.3635,2022_RVSurvey,FALSE,6,2022,TRUE,FALSE
22-SS-HIP-0187,TEL2022010,25,2,65,21-Jul-22,43.20933333,65.31416667,2022_RVSurvey,FALSE,6,2022,TRUE,TRUE
18-SS-HIP-3638,J18-0209,102297378,2,82,NA,44.09583,-66.62567,NA,TRUE,6,2018,FALSE,FALSE
LLNS18-3216,J18-0200,24,2,123,NA,43.33433,-62.69983,2018_IndustryData,TRUE,7,2018,FALSE,FALSE
LLNS18-3263,J18-0201,13,2,116,NA,43.68917,-64.42083,2018_IndustryData,TRUE,7,2018,FALSE,FALSE
20-SS-HS-HYP-104,J20-0020A,318,2,109,06-Jun-20,44.41017,-57.2825,2020_HalibutSurvey,TRUE,7,2020,TRUE,TRUE
20-SS-HS-HYP-1083,J20-0251A,84,1,98,06-Jul-20,44.41217,-50.65717,2020_HalibutSurvey,TRUE,7,2020,TRUE,TRUE
20-SS-HS-HYP-1165,J20-0020B,NA,1,95,07-Jul-20,42.87967,-50.14933,2020_HalibutSurvey,TRUE,7,2020,TRUE,TRUE
20-SS-HS-HYP-1199,J20-0020B,NA,2,90,07-Jul-20,42.84867,-50.147,2020_HalibutSurvey,TRUE,7,2020,TRUE,TRUE
20-SS-HS-HYP-126,J20-0020A,359,1,85,06-Jun-20,44.42833,-57.26867,2020_HalibutSurvey,TRUE,7,2020,TRUE,TRUE
20-SS-HS-HYP-134,J20-0020A,373,2,142,06-Jun-20,44.42833,-57.26867,2020_HalibutSurvey,TRUE,7,2020,TRUE,TRUE
20-SS-HS-HYP-14,J20-0020A,135,1,86,05-Jun-20,44.33417,-57.50967,2020_HalibutSurvey,TRUE,7,2020,TRUE,TRUE
20-SS-HS-HYP-172,J20-0020A,482,2,121,08-Jun-20,44.7245,-56.887,2020_HalibutSurvey,TRUE,7,2020,TRUE,TRUE
20-SS-HS-HYP-18,J20-0020A,140,1,93,05-Jun-20,44.33417,-57.50967,2020_HalibutSurvey,TRUE,7,2020,TRUE,TRUE
20-SS-HS-HYP-183,J20-0020A,517,2,130,08-Jun-20,44.702,-56.86817,2020_HalibutSurvey,TRUE,7,2020,TRUE,TRUE
20-SS-HS-HYP-186,J20-0020A,522,2,110,08-Jun-20,44.702,-56.86817,2020_HalibutSurvey,TRUE,7,2020,TRUE,TRUE
20-SS-HS-HYP-196,J20-0020A,533,2,105,09-Jun-20,44.69183,-56.92067,2020_HalibutSurvey,TRUE,7,2020,TRUE,TRUE
20-SS-HS-HYP-247,J20-0020A,649,2,136,10-Jun-20,44.59317,-56.56867,2020_HalibutSurvey,TRUE,7,2020,TRUE,TRUE
20-SS-HS-HYP-249,J20-0020A,652,1,100,10-Jun-20,44.58333,-56.63567,2020_HalibutSurvey,TRUE,7,2020,TRUE,TRUE
20-SS-HS-HYP-253,J20-0020A,656,1,107,10-Jun-20,44.58333,-56.63567,2020_HalibutSurvey,TRUE,7,2020,TRUE,TRUE
20-SS-HS-HYP-260,J20-0020A,665,1,95,11-Jun-20,44.39833,-57.377,2020_HalibutSurvey,TRUE,7,2020,TRUE,TRUE
20-SS-HS-HYP-262,J20-0020A,667,1,100,11-Jun-20,44.39833,-57.377,2020_HalibutSurvey,TRUE,7,2020,TRUE,TRUE
20-SS-HS-HYP-267,J20-0020A,678,2,141,11-Jun-20,44.39833,-57.377,2020_HalibutSurvey,TRUE,7,2020,TRUE,TRUE
20-SS-HS-HYP-270,J20-0020A,685,2,136,11-Jun-20,44.39833,-57.377,2020_HalibutSurvey,TRUE,7,2020,TRUE,TRUE
20-SS-HS-HYP-42,J20-0020A,192,2,109,05-Jun-20,44.37167,-57.47567,2020_HalibutSurvey,TRUE,7,2020,TRUE,TRUE
20-SS-HS-HYP-45,J20-0020A,195,1,93,05-Jun-20,44.37167,-57.47567,2020_HalibutSurvey,TRUE,7,2020,TRUE,TRUE
20-SS-HS-HYP-46,J20-0020A,197,1,89,05-Jun-20,44.37167,-57.47567,2020_HalibutSurvey,TRUE,7,2020,TRUE,TRUE
20-SS-HS-HYP-50,J20-0020A,202,2,120,05-Jun-20,44.37167,-57.47567,2020_HalibutSurvey,TRUE,7,2020,TRUE,TRUE
20-SS-HS-HYP-508,J20-0020B,NA,2,115,29-Jun-20,44.512,-50.36967,2020_HalibutSurvey,TRUE,7,2020,TRUE,TRUE
20-SS-HS-HYP-513,J20-0020B,NA,2,142,29-Jun-20,44.512,-50.36967,2020_HalibutSurvey,TRUE,7,2020,TRUE,TRUE
20-SS-HS-HYP-514,J20-0020B,NA,2,106,29-Jun-20,44.512,-50.36967,2020_HalibutSurvey,TRUE,7,2020,TRUE,TRUE
20-SS-HS-HYP-535,J20-0020B,NA,2,84,01-Jul-20,44.11367,-50.73867,2020_HalibutSurvey,TRUE,7,2020,TRUE,TRUE
20-SS-HS-HYP-539,J20-0020B,NA,2,121,04-Jul-20,42.91233,-50.71783,2020_HalibutSurvey,TRUE,7,2020,TRUE,TRUE
20-SS-HS-HYP-543,J20-0020B,NA,1,104,04-Jul-20,42.91233,-50.71783,2020_HalibutSurvey,TRUE,7,2020,TRUE,TRUE
20-SS-HS-HYP-566,J20-0020B,NA,2,92,04-Jul-20,42.91667,-50.73117,2020_HalibutSurvey,TRUE,7,2020,TRUE,TRUE
20-SS-HS-HYP-573,J20-0020B,NA,1,114,04-Jul-20,42.8825,-50.65283,2020_HalibutSurvey,TRUE,7,2020,TRUE,TRUE
20-SS-HS-HYP-575,J20-0020B,NA,2,102,04-Jul-20,42.8825,-50.65283,2020_HalibutSurvey,TRUE,7,2020,TRUE,TRUE
20-SS-HS-HYP-578,J20-0020B,NA,2,92,04-Jul-20,42.8825,-50.65283,2020_HalibutSurvey,TRUE,7,2020,TRUE,TRUE
20-SS-HS-HYP-583,J20-0020B,NA,1,88,04-Jul-20,42.8825,-50.65283,2020_HalibutSurvey,TRUE,7,2020,TRUE,TRUE
20-SS-HS-HYP-596,J20-0020B,NA,2,95,04-Jul-20,42.8745,-50.632,2020_HalibutSurvey,TRUE,7,2020,TRUE,TRUE
20-SS-HS-HYP-598,J20-0020B,NA,2,98,04-Jul-20,42.8745,-50.632,2020_HalibutSurvey,TRUE,7,2020,TRUE,TRUE
20-SS-HS-HYP-614,J20-0020B,NA,2,98,05-Jul-20,42.88283,-50.5465,2020_HalibutSurvey,TRUE,7,2020,TRUE,TRUE
20-SS-HS-HYP-624,J20-0020B,NA,2,117,05-Jul-20,42.85533,-50.5645,2020_HalibutSurvey,TRUE,7,2020,TRUE,TRUE
20-SS-HS-HYP-626,J20-0020B,NA,1,111,05-Jul-20,42.85533,-50.5645,2020_HalibutSurvey,TRUE,7,2020,TRUE,TRUE
20-SS-HS-HYP-637,J20-0020B,NA,2,114,05-Jul-20,42.83333,-50.54033,2020_HalibutSurvey,TRUE,7,2020,TRUE,TRUE
20-SS-HS-HYP-640,J20-0020B,NA,2,103,05-Jul-20,42.83333,-50.54033,2020_HalibutSurvey,TRUE,7,2020,TRUE,TRUE
20-SS-HS-HYP-644,J20-0020B,NA,2,131,05-Jul-20,42.83333,-50.54033,2020_HalibutSurvey,TRUE,7,2020,TRUE,TRUE
20-SS-HS-HYP-75,J20-0020A,253,1,81,06-Jun-20,44.395,-57.3825,2020_HalibutSurvey,TRUE,7,2020,TRUE,TRUE
20-SS-HS-HYP-753,J20-0020B,NA,1,110,05-Jul-20,42.842,-50.51517,2020_HalibutSurvey,TRUE,7,2020,TRUE,TRUE
20-SS-HS-HYP-767,J20-0020B,NA,2,115,06-Jul-20,42.93167,-50.8085,2020_HalibutSurvey,TRUE,7,2020,TRUE,TRUE
20-SS-HS-HYP-906,J20-0203,NA,1,108,16-Jun-20,42.63583,-65.56233,2020_HalibutSurvey,TRUE,7,2020,TRUE,TRUE
20-SS-HS-HYP-936,J20-0203,150,1,107,16-Jun-20,42.63183,-65.52867,2020_HalibutSurvey,TRUE,7,2020,TRUE,FALSE
21-SS-HIP-2599,J21-9002,7,1,113,03-Jun-21,43.39167,-66.3055,2021_FishMorph_HalibutSurvey,TRUE,7,2022,TRUE,TRUE
21-SS-HIP-2640,J21-9002,48,2,125,02-Jun-21,43.58583,-66.34333,2021_FishMorph_HalibutSurvey,TRUE,7,2021,TRUE,TRUE
21-SS-HIP-3340,J21-9004,22,2,118,06-Jun-21,43.17033,-66.447,2021_FishMorph_HalibutSurvey,TRUE,7,2021,TRUE,TRUE
21-SS-HIP-4315,J21-9001,22,2,124,02-Jun-21,43.53817,-66.3,2021_FishMorph_HalibutSurvey,TRUE,7,2021,TRUE,TRUE
21-SS-HIP-4320,J21-9001,27,1,107,02-Jun-21,43.57117,-66.44183,2021_FishMorph_HalibutSurvey,TRUE,7,2021,TRUE,TRUE
21-SS-HIP-4327,J21-9001,34,2,110,03-Jun-21,43.564,-66.4235,2021_FishMorph_HalibutSurvey,TRUE,7,2021,TRUE,TRUE
21-SS-HIP-4347,J21-9001,54,1,109,02-Jun-21,43.56167,-66.41167,2021_FishMorph_HalibutSurvey,TRUE,7,2021,TRUE,TRUE
21-SS-HIP-4518,J21-9010,19,2,108,18-Jun-21,43.14667,-66.47083,2021_FishMorph_HalibutSurvey,TRUE,7,2021,TRUE,TRUE
21-SS-HIP-3234,J21-9007,3,1,100,18-Jun-21,43.1855,-66.21867,2021_HalibutSurvey,TRUE,7,2021,TRUE,TRUE
21-SS-HIP-3405,J21-0129,60,2,99,13-Jul-21,43.29367,-65.33633,2021_HalibutSurvey,TRUE,7,2021,TRUE,TRUE
21-SS-HIP-5087,J21-0128,141,1,102,17-Jul-21,45.4075,-57.69533,2021_HalibutSurvey,TRUE,7,2021,TRUE,TRUE
21-SS-HIP-5100,J21-0128,181,1,97,17-Jul-21,45.46617,-57.72733,2021_HalibutSurvey,TRUE,7,2021,TRUE,TRUE
21-SS-HIP-0419,J21-0006A,22,1,93,10-Jun-21,46.58267,-57.19183,2021_HalSurvTagObs_HalibutSurvey,TRUE,7,2021,TRUE,TRUE
21-SS-HIP-2674,J21-0122,9,2,111,11-Jun-21,42.9735,-63.95417,2021_HalSurvTagObs_HalibutSurvey,TRUE,7,2021,TRUE,TRUE
21-SS-HIP-3283,J21-0120,56,2,114,03-Jun-21,43.18583,-64.87133,2021_HalSurvTagObs_HalibutSurvey,TRUE,7,2021,TRUE,TRUE
21-SS-HIP-3291,J21-0120,67,2,92,03-Jun-21,43.109,-65.07033,2021_HalSurvTagObs_HalibutSurvey,TRUE,7,2021,TRUE,TRUE
21-SS-HIP-3320,J21-0120,116,2,124,05-Jun-21,42.921,-65.47333,2021_HalSurvTagObs_HalibutSurvey,TRUE,7,2021,TRUE,TRUE
21-SS-HIP-4396,J21-0121,79,1,85,10-Jun-21,43.3295,-60.83117,2021_HalSurvTagObs_HalibutSurvey,TRUE,7,2021,TRUE,TRUE
21-SS-HIP-5507,CAR2021241,10,2,102,10-Jul-21,42.67033333,64.58283333,2021_RV,FALSE,7,2021,TRUE,TRUE
21-SS-HIP-5531,CAR2021240,23,2,102,06-Aug-21,43.9875,61.80066667,2021_RV,FALSE,7,2021,TRUE,TRUE
21-SS-HIP-2545,J22-9018,37,1,113,NA,45.26667,-57.826,2022_FishMorphology_Port,TRUE,7,2022,TRUE,FALSE
21-SS-HIP-2936,J22-9011,83,2,98,04-Jun-22,42.75,-63.30333,2022_FishMorphology_Port,TRUE,7,2022,TRUE,FALSE
21-SS-HIP-3614,J22-9015,45,1,116,27-Jul-22,42.6535,-64.2475,2022_FishMorphology_Port,TRUE,7,2022,TRUE,FALSE
21-SS-HIP-4172,J22-9009,2,2,106,23-Jun-22,45.0945,-57.06967,2022_FishMorphology_Port,TRUE,7,2022,TRUE,FALSE
21-SS-HIP-4654,J22-9002,53,2,176,03-Jun-22,42.14667,-66.61,2022_FishMorphology_Port,TRUE,7,2022,TRUE,TRUE
22-SS-HIP-0700,J22-9020,45,2,131,03-Jul-22,45.66,-58.21,2022_FishMorphology_Port,TRUE,7,2022,TRUE,FALSE
21-SS-HIP-248,J22-0180,136,2,109,22-Oct-22,43.284,-64.215,2022_Maturity,TRUE,7,2022,TRUE,TRUE
21-SS-HIP-251,J22-0180,141,2,100,23-Oct-22,43.2355,-64.10867,2022_Maturity,TRUE,7,2022,TRUE,TRUE
21-SS-HIP-252,J22-0180,142,2,88,23-Oct-22,43.2355,-64.10867,2022_Maturity,TRUE,7,2022,TRUE,TRUE
21-SS-HIP-254,J22-0180,146,1,100,23-Oct-22,43.2355,-64.10867,2022_Maturity,TRUE,7,2022,TRUE,TRUE
21-SS-HIP-256,J22-0180,148,2,82,23-Oct-22,43.2355,-64.10867,2022_Maturity,TRUE,7,2022,TRUE,TRUE
21-SS-HIP-258,J22-0180,149,2,90,23-Oct-22,43.2355,-64.10867,2022_Maturity,TRUE,7,2022,TRUE,TRUE
21-SS-HIP-263,J22-0180,157,2,84,23-Oct-22,43.24517,-64.15367,2022_Maturity,TRUE,7,2022,TRUE,TRUE
21-SS-HIP-280,J22-0180,179,2,89,23-Oct-22,43.27033,-64.09083,2022_Maturity,TRUE,7,2022,TRUE,TRUE
21-SS-HIP-3030,J22-0190,194,1,82,05-Dec-22,44.94267,-54.61917,2022_Maturity,TRUE,7,2022,TRUE,FALSE
21-SS-HIP-3042,J22-0190,204,2,94,06-Dec-22,44.38083,-53.428,2022_Maturity,TRUE,7,2022,TRUE,TRUE
21-SS-HIP-3046,J22-0190,207,2,99,06-Dec-22,44.38083,-53.428,2022_Maturity,TRUE,7,2022,TRUE,TRUE
21-SS-HIP-306,J22-0180,211,2,91,24-Oct-22,43.42217,-65.112,2022_Maturity,TRUE,7,2022,TRUE,TRUE
21-SS-HIP-3083,J22-0187,86,1,94,03-Dec-22,44.54217,-57.11883,2022_Maturity,TRUE,7,2022,TRUE,TRUE
21-SS-HIP-3093,J22-0187,96,1,81,03-Dec-22,44.564,-57.03467,2022_Maturity,TRUE,7,2022,TRUE,TRUE
21-SS-HIP-3108,J22-0187,111,2,112,04-Dec-22,44.576,-57.12317,2022_Maturity,TRUE,7,2022,TRUE,TRUE
21-SS-HIP-3109,J22-0187,112,1,97,05-Dec-22,44.56,-56.85883,2022_Maturity,TRUE,7,2022,TRUE,TRUE
21-SS-HIP-3129,J22-0187,132,2,113,06-Dec-22,44.528,-56.789,2022_Maturity,TRUE,7,2022,TRUE,TRUE
21-SS-HIP-3140,J22-0187,143,2,93,07-Dec-22,44.55783,-56.79283,2022_Maturity,TRUE,7,2022,TRUE,TRUE
21-SS-HIP-4225,J23-0004,17,2,106,23-Jan-23,44.382,-53.40467,2022_Maturity,TRUE,7,2022,TRUE,TRUE
21-SS-HIP-4254,J23-0004,44,2,133,23-Jan-23,44.35317,-53.288,2022_Maturity,TRUE,7,2022,TRUE,TRUE
21-SS-HIP-4261,J23-0004,51,1,89,24-Jan-23,44.34783,-53.39583,2022_Maturity,TRUE,7,2022,TRUE,FALSE
21-SS-HIP-4276,J23-0004,109,2,100,24-Jan-23,44.3835,-53.395,2022_Maturity,TRUE,7,2022,TRUE,TRUE
21-SS-HIP-4291,J23-0004,162,1,94,25-Jan-23,44.3585,-53.09783,2022_Maturity,TRUE,7,2022,TRUE,FALSE
21-SS-HIP-4794,J22-0187,15,2,108,23-Nov-22,43.44367,-60.05867,2022_Maturity,TRUE,7,2022,TRUE,TRUE
21-SS-HIP-4834,J22-0187,55,2,108,30-Nov-22,43.54267,-59.82033,2022_Maturity,TRUE,7,2022,TRUE,TRUE
21-SS-HIP-4837,J22-0187,58,2,91,30-Nov-22,43.54267,-59.82033,2022_Maturity,TRUE,7,2022,TRUE,TRUE
21-SS-HIP-4850,J22-0187,71,2,113,02-Dec-22,44.5845,-56.86217,2022_Maturity,TRUE,7,2022,TRUE,TRUE
21-SS-HIP-5168,J22-0034,65,2,134,11-Mar-22,42.448,-64.73467,2022_Maturity,TRUE,7,2022,TRUE,TRUE
21-SS-HIP-5169,J22-0034,66,2,145,11-Mar-22,42.4125,-64.798,2022_Maturity,TRUE,7,2022,TRUE,TRUE
21-SS-HIP-5313,J22-0190,113,1,78,02-Dec-22,44.79133,-55.53767,2022_Maturity,TRUE,7,2022,TRUE,TRUE
21-SS-HIP-5316,J22-0190,116,1,74,03-Dec-22,44.82667,-55.54333,2022_Maturity,TRUE,7,2022,TRUE,TRUE
21-SS-HIP-5379,J23-0004,303,1,85,26-Jan-23,44.11333,-52.98667,2022_Maturity,TRUE,7,2022,TRUE,TRUE
21-SS-HIP-5385,J23-0004,330,1,88,27-Jan-23,44.078,-52.93,2022_Maturity,TRUE,7,2022,TRUE,TRUE
21-SS-HIP-5388,J23-0004,338,1,83,27-Jan-23,44.078,-52.93,2022_Maturity,TRUE,7,2022,TRUE,TRUE
21-SS-HIP-6326,J22-0029,8,2,111,08-Feb-22,44.5,-57.07033,2022_Maturity,TRUE,7,2022,TRUE,TRUE
21-SS-HIP-6339,J22-0029,21,2,132,08-Feb-22,44.49883,-57.22017,2022_Maturity,TRUE,7,2022,TRUE,TRUE
21-SS-HIP-6350,J22-0029,32,1,81,11-Feb-22,44.49917,-57.06117,2022_Maturity,TRUE,7,2022,TRUE,TRUE
21-SS-HIP-6356,J22-0029,38,2,104,11-Feb-22,44.50883,-57.108,2022_Maturity,TRUE,7,2022,TRUE,TRUE
21-SS-HIP-6374,J22-0029,56,2,84,12-Feb-22,44.493,-57.173,2022_Maturity,TRUE,7,2022,TRUE,TRUE
21-SS-HIP-6378,J22-0029,60,1,77,12-Feb-22,44.493,-57.173,2022_Maturity,TRUE,7,2022,TRUE,TRUE
21-SS-HIP-6382,J22-0029,64,2,94,12-Feb-22,44.493,-57.173,2022_Maturity,TRUE,7,2022,TRUE,TRUE
21-SS-HIP-6386,J22-0029,68,2,76,12-Feb-22,44.494,-57.22733,2022_Maturity,TRUE,7,2022,TRUE,TRUE
21-SS-HIP-6387,J22-0029,69,2,148,12-Feb-22,44.494,-57.22733,2022_Maturity,TRUE,7,2022,TRUE,TRUE
21-SS-HIP-6389,J22-0029,71,2,129,13-Feb-22,44.49817,-57.06267,2022_Maturity,TRUE,7,2022,TRUE,TRUE
21-SS-HIP-6398,J22-0029,80,2,83,13-Feb-22,44.5085,-57.113,2022_Maturity,TRUE,7,2022,TRUE,TRUE
21-SS-HIP-6481,J22-0029,82,2,87,13-Feb-22,44.5085,-57.113,2022_Maturity,TRUE,7,2022,TRUE,TRUE
21-SS-HIP-6487,J22-0029,88,1,77,13-Feb-22,44.49233,-57.2185,2022_Maturity,TRUE,7,2022,TRUE,TRUE
21-SS-HIP-6489,J22-0029,90,2,135,14-Feb-22,44.497,-57.16333,2022_Maturity,TRUE,7,2022,TRUE,TRUE
21-SS-HIP-6496,J22-0029,97,2,109,16-Feb-22,44.38017,-53.42617,2022_Maturity,TRUE,7,2022,TRUE,TRUE
21-SS-HIP-6497,J22-0029,98,2,98,16-Feb-22,44.38017,-53.42617,2022_Maturity,TRUE,7,2022,TRUE,TRUE
21-SS-HIP-6500,J22-0029,101,2,112,16-Feb-22,44.37217,-53.42217,2022_Maturity,TRUE,7,2022,TRUE,TRUE
21-SS-HIP-6508,J22-0029,109,2,130,18-Feb-22,44.366,-53.097,2022_Maturity,TRUE,7,2022,TRUE,TRUE
21-SS-HIP-6516,J22-0029,117,2,99,19-Feb-22,44.38083,-53.42667,2022_Maturity,TRUE,7,2022,TRUE,TRUE
21-SS-HIP-6521,J22-0029,122,1,94,19-Feb-22,44.38083,-53.42667,2022_Maturity,TRUE,7,2022,TRUE,TRUE
21-SS-HIP-6524,J22-0029,125,2,132,19-Feb-22,44.36533,-53.42467,2022_Maturity,TRUE,7,2022,TRUE,TRUE
21-SS-HIP-6529,J22-0029,130,1,80,19-Feb-22,44.36533,-53.42467,2022_Maturity,TRUE,7,2022,TRUE,TRUE
21-SS-HIP-6534,J22-0029,135,2,133,20-Feb-22,44.37317,-53.426,2022_Maturity,TRUE,7,2022,TRUE,TRUE
21-SS-HIP-6536,J22-0029,137,2,105,20-Feb-22,44.36467,-53.32083,2022_Maturity,TRUE,7,2022,TRUE,TRUE
21-SS-HIP-6545,J22-0029,146,1,100,20-Feb-22,44.34033,-53.11917,2022_Maturity,TRUE,7,2022,TRUE,TRUE
21-SS-HIP-6549,J22-0029,150,2,122,20-Feb-22,44.32133,-53.14933,2022_Maturity,TRUE,7,2022,TRUE,TRUE
22-SS-HIP-0982,J22-0180,10,2,98,21-Oct-22,43.2485,-64.124,2022_Maturity,TRUE,7,2022,TRUE,TRUE
22-SS-HIP-0984,J22-0180,12,1,73,21-Oct-22,43.2485,-64.124,2022_Maturity,TRUE,7,2022,TRUE,TRUE
22-SS-HIP-0985,J22-0180,13,1,72,21-Oct-22,43.2485,-64.124,2022_Maturity,TRUE,7,2022,TRUE,TRUE
22-SS-HIP-0994,J22-0180,22,1,82,21-Oct-22,43.25883,-64.17183,2022_Maturity,TRUE,7,2022,TRUE,FALSE
22-SS-HIP-0999,J22-0180,27,2,100,21-Oct-22,43.25883,-64.17183,2022_Maturity,TRUE,7,2022,TRUE,TRUE
22-SS-HIP-1006,J22-0180,34,2,78,21-Oct-22,43.25883,-64.17183,2022_Maturity,TRUE,7,2022,TRUE,TRUE
22-SS-HIP-1012,J22-0180,40,2,109,21-Oct-22,43.25883,-64.17183,2022_Maturity,TRUE,7,2022,TRUE,TRUE
22-SS-HIP-1014,J22-0180,42,2,88,21-Oct-22,43.25883,-64.17183,2022_Maturity,TRUE,7,2022,TRUE,TRUE
22-SS-HIP-1015,J22-0180,43,2,86,21-Oct-22,43.25883,-64.17183,2022_Maturity,TRUE,7,2022,TRUE,TRUE
22-SS-HIP-1018,J22-0180,46,2,130,21-Oct-22,43.25883,-64.17183,2022_Maturity,TRUE,7,2022,TRUE,FALSE
22-SS-HIP-1021,J22-0180,53,1,88,22-Oct-22,43.27333,-64.1675,2022_Maturity,TRUE,7,2022,TRUE,TRUE
22-SS-HIP-1026,J22-0180,70,2,86,22-Oct-22,43.27333,-64.1675,2022_Maturity,TRUE,7,2022,TRUE,TRUE
22-SS-HIP-1031,J22-0180,75,2,87,22-Oct-22,43.27333,-64.1675,2022_Maturity,TRUE,7,2022,TRUE,TRUE
22-SS-HIP-1035,J22-0180,81,1,80,22-Oct-22,43.26333,-64.12017,2022_Maturity,TRUE,7,2022,TRUE,TRUE
22-SS-HIP-1038,J22-0180,90,1,75,22-Oct-22,43.26333,-64.12017,2022_Maturity,TRUE,7,2022,TRUE,TRUE
22-SS-HIP-1039,J22-0180,95,1,90,22-Oct-22,43.26333,-64.12017,2022_Maturity,TRUE,7,2022,TRUE,TRUE
22-SS-HIP-1040,J22-0180,96,1,83,22-Oct-22,43.26333,-64.12017,2022_Maturity,TRUE,7,2022,TRUE,TRUE
22-SS-HIP-1043,J22-0180,100,1,77,22-Oct-22,43.26333,-64.12017,2022_Maturity,TRUE,7,2022,TRUE,TRUE
22-SS-HIP-1378,J22-0177,83,2,114,20-Oct-22,44.96033,-54.65383,2022_Maturity,TRUE,7,2022,TRUE,TRUE
22-SS-HIP-1385,J22-0177,90,2,148,20-Oct-22,44.96033,-54.65383,2022_Maturity,TRUE,7,2022,TRUE,TRUE
22-SS-HIP-1392,J22-0177,97,1,85,21-Oct-22,44.91933,-55.427,2022_Maturity,TRUE,7,2022,TRUE,TRUE
22-SS-HIP-1444,J22-0177,149,1,78,24-Oct-22,44.91333,-55.44383,2022_Maturity,TRUE,7,2022,TRUE,TRUE
22-SS-HIP-1704,J22-0177,3,2,112,16-Oct-22,44.79483,-55.68733,2022_Maturity,TRUE,7,2022,TRUE,TRUE
22-SS-HIP-1706,J22-0177,5,1,99,16-Oct-22,44.74983,-55.69133,2022_Maturity,TRUE,7,2022,TRUE,TRUE
22-SS-HIP-1748,J22-0177,48,2,116,18-Oct-22,44.8105,-55.595,2022_Maturity,TRUE,7,2022,TRUE,TRUE
22-SS-HIP-1770,J22-0177,70,2,118,19-Oct-22,44.82517,-55.56083,2022_Maturity,TRUE,7,2022,TRUE,TRUE
22-SS-HIP-1779,J22-0177,79,2,118,19-Oct-22,44.756,-55.72083,2022_Maturity,TRUE,7,2022,TRUE,TRUE
22-SS-HIP-1966,J23-0031,23,2,106,29-Jan-23,42.08467,-65.57733,2022_Maturity,TRUE,7,2022,TRUE,TRUE
22-SS-HIP-1967,J23-0031,24,1,95,29-Jan-23,42.0595,-65.56117,2022_Maturity,TRUE,7,2022,TRUE,TRUE
22-SS-HIP-1972,J23-0031,29,2,115,29-Jan-23,42.0595,-65.56117,2022_Maturity,TRUE,7,2022,TRUE,TRUE
22-SS-HIP-1973,J23-0031,30,2,97,29-Jan-23,42.0595,-65.56117,2022_Maturity,TRUE,7,2022,TRUE,TRUE
22-SS-HIP-1991,J23-0031,48,1,92,30-Jan-23,42.07117,-65.5665,2022_Maturity,TRUE,7,2022,TRUE,TRUE
22-SS-HIP-1999,J23-0031,56,1,92,31-Jan-23,42.04483,-65.54283,2022_Maturity,TRUE,7,2022,TRUE,TRUE
22-SS-HIP-2003,J23-0031,60,2,97,31-Jan-23,42.04483,-65.54283,2022_Maturity,TRUE,7,2022,TRUE,TRUE
22-SS-HIP-2004,J23-0031,61,1,98,31-Jan-23,42.04483,-65.54283,2022_Maturity,TRUE,7,2022,TRUE,TRUE
23-SS-HIP-0177,TEL2023010,15,2,97,03-Jul-23,44.15466667,66.7025,2023_RVSurvey,FALSE,7,2023,TRUE,FALSE
18-SS-HIP-3953,J18-0207A,102302815,2,124,NA,44.41567,-59.41917,NA,TRUE,7,2018,FALSE,FALSE
LLNS18-3378,J18-0202,87,2,123,NA,43.34067,-64.20017,2018_IndustryData,TRUE,8,2018,FALSE,FALSE
20-SS-HS-HYP-1,J20-0020A,103,2,114,04-Jun-20,44.31417,-57.586,2020_HalibutSurvey,TRUE,8,2020,TRUE,TRUE
20-SS-HS-HYP-102,J20-0020A,316,1,88,06-Jun-20,44.41017,-57.2825,2020_HalibutSurvey,TRUE,8,2020,TRUE,TRUE
20-SS-HS-HYP-1081,J20-0251A,77,2,160,06-Jul-20,44.505,-50.65583,2020_HalibutSurvey,TRUE,8,2020,TRUE,TRUE
20-SS-HS-HYP-1102,J20-0251A,136,1,114,07-Jul-20,44.54,-50.56733,2020_HalibutSurvey,TRUE,8,2020,TRUE,TRUE
20-SS-HS-HYP-111,J20-0020A,330,1,84,06-Jun-20,44.41017,-57.2825,2020_HalibutSurvey,TRUE,8,2020,TRUE,TRUE
20-SS-HS-HYP-116,J20-0020A,342,1,95,06-Jun-20,44.44617,-57.24117,2020_HalibutSurvey,TRUE,8,2020,TRUE,TRUE
20-SS-HS-HYP-119,J20-0020A,346,2,93,06-Jun-20,44.44617,-57.24117,2020_HalibutSurvey,TRUE,8,2020,TRUE,TRUE
20-SS-HS-HYP-1197,J20-0020B,NA,2,84,07-Jul-20,42.84867,-50.147,2020_HalibutSurvey,TRUE,8,2020,TRUE,TRUE
20-SS-HS-HYP-121,J20-0020A,348,2,103,06-Jun-20,44.44617,-57.24117,2020_HalibutSurvey,TRUE,8,2020,TRUE,TRUE
20-SS-HS-HYP-124,J20-0020A,353,1,90,06-Jun-20,44.42833,-57.26867,2020_HalibutSurvey,TRUE,8,2020,TRUE,TRUE
20-SS-HS-HYP-128,J20-0020A,362,2,83,06-Jun-20,44.42833,-57.26867,2020_HalibutSurvey,TRUE,8,2020,TRUE,TRUE
20-SS-HS-HYP-150,J20-0020A,438,2,128,07-Jun-20,44.66033,-56.9395,2020_HalibutSurvey,TRUE,8,2020,TRUE,TRUE
20-SS-HS-HYP-154,J20-0020A,443,2,101,07-Jun-20,44.66033,-56.9395,2020_HalibutSurvey,TRUE,8,2020,TRUE,TRUE
20-SS-HS-HYP-1550,J20-0251B,NA,1,102,24-Jul-20,44.87317,-55.43717,2020_HalibutSurvey,TRUE,8,2020,TRUE,TRUE
20-SS-HS-HYP-159,J20-0020A,451,2,135,08-Jun-20,44.67283,-56.89533,2020_HalibutSurvey,TRUE,8,2020,TRUE,TRUE
20-SS-HS-HYP-16,J20-0020A,138,1,110,05-Jun-20,44.33417,-57.50967,2020_HalibutSurvey,TRUE,8,2020,TRUE,TRUE
20-SS-HS-HYP-160,J20-0020A,452,1,110,08-Jun-20,44.67283,-56.89533,2020_HalibutSurvey,TRUE,8,2020,TRUE,TRUE
20-SS-HS-HYP-161,J20-0020A,454,2,124,08-Jun-20,44.67283,-56.89533,2020_HalibutSurvey,TRUE,8,2020,TRUE,TRUE
20-SS-HS-HYP-173,J20-0020A,485,2,130,08-Jun-20,44.7245,-56.887,2020_HalibutSurvey,TRUE,8,2020,TRUE,TRUE
20-SS-HS-HYP-180,J20-0020A,513,2,142,08-Jun-20,44.702,-56.86817,2020_HalibutSurvey,TRUE,8,2020,TRUE,TRUE
20-SS-HS-HYP-184,J20-0020A,518,2,123,08-Jun-20,44.702,-56.86817,2020_HalibutSurvey,TRUE,8,2020,TRUE,TRUE
20-SS-HS-HYP-185,J20-0020A,519,2,97,08-Jun-20,44.702,-56.86817,2020_HalibutSurvey,TRUE,8,2020,TRUE,TRUE
20-SS-HS-HYP-191,J20-0020A,528,1,86,09-Jun-20,44.69183,-56.92067,2020_HalibutSurvey,TRUE,8,2020,TRUE,TRUE
20-SS-HS-HYP-194,J20-0020A,531,2,136,09-Jun-20,44.69183,-56.92067,2020_HalibutSurvey,TRUE,8,2020,TRUE,TRUE
20-SS-HS-HYP-197,J20-0020A,534,1,113,09-Jun-20,44.69183,-56.92067,2020_HalibutSurvey,TRUE,8,2020,TRUE,TRUE
20-SS-HS-HYP-201,J20-0020A,544,1,129,09-Jun-20,44.5495,-56.8325,2020_HalibutSurvey,TRUE,8,2020,TRUE,TRUE
20-SS-HS-HYP-202,J20-0020A,545,2,146,09-Jun-20,44.5495,-56.8325,2020_HalibutSurvey,TRUE,8,2020,TRUE,TRUE
20-SS-HS-HYP-203,J20-0020A,548,2,128,09-Jun-20,44.5495,-56.8325,2020_HalibutSurvey,TRUE,8,2020,TRUE,TRUE
20-SS-HS-HYP-210,J20-0020A,594,2,131,10-Jun-20,44.62617,-56.48983,2020_HalibutSurvey,TRUE,8,2020,TRUE,TRUE
20-SS-HS-HYP-226,J20-0020A,620,2,135,10-Jun-20,44.63883,-56.409,2020_HalibutSurvey,TRUE,8,2020,TRUE,TRUE
20-SS-HS-HYP-250,J20-0020A,653,2,125,10-Jun-20,44.58333,-56.63567,2020_HalibutSurvey,TRUE,8,2020,TRUE,TRUE
20-SS-HS-HYP-259,J20-0020A,664,1,87,11-Jun-20,44.39833,-57.377,2020_HalibutSurvey,TRUE,8,2020,TRUE,TRUE
20-SS-HS-HYP-491,J20-0020B,NA,2,135,28-Jun-20,44.425,-51.7655,2020_HalibutSurvey,TRUE,8,2020,TRUE,TRUE
20-SS-HS-HYP-492,J20-0020B,NA,2,140,28-Jun-20,44.425,-51.7655,2020_HalibutSurvey,TRUE,8,2020,TRUE,TRUE
20-SS-HS-HYP-496,J20-0020B,NA,2,96,28-Jun-20,44.425,-51.7655,2020_HalibutSurvey,TRUE,8,2020,TRUE,TRUE
20-SS-HS-HYP-5,J20-0020A,108,2,93,05-Jun-20,44.33333,-57.58833,2020_HalibutSurvey,TRUE,8,2020,TRUE,TRUE
20-SS-HS-HYP-509,J20-0020B,NA,2,138,29-Jun-20,44.512,-50.36967,2020_HalibutSurvey,TRUE,8,2020,TRUE,TRUE
20-SS-HS-HYP-520,J20-0020B,NA,2,117,29-Jun-20,44.47117,-50.259,2020_HalibutSurvey,TRUE,8,2020,TRUE,TRUE
20-SS-HS-HYP-530,J20-0020B,NA,2,96,01-Jul-20,44.11367,-50.73867,2020_HalibutSurvey,TRUE,8,2020,TRUE,TRUE
20-SS-HS-HYP-532,J20-0020B,NA,1,95,01-Jul-20,44.11367,-50.73867,2020_HalibutSurvey,TRUE,8,2020,TRUE,TRUE
20-SS-HS-HYP-533,J20-0020B,NA,2,122,01-Jul-20,44.11367,-50.73867,2020_HalibutSurvey,TRUE,8,2020,TRUE,TRUE
20-SS-HS-HYP-534,J20-0020B,NA,1,105,01-Jul-20,44.11367,-50.73867,2020_HalibutSurvey,TRUE,8,2020,TRUE,TRUE
20-SS-HS-HYP-538,J20-0020B,NA,1,90,01-Jul-20,44.11367,-50.73867,2020_HalibutSurvey,TRUE,8,2020,TRUE,TRUE
20-SS-HS-HYP-546,J20-0020B,NA,2,107,04-Jul-20,42.91233,-50.71783,2020_HalibutSurvey,TRUE,8,2020,TRUE,TRUE
20-SS-HS-HYP-55,J20-0020A,207,2,91,05-Jun-20,44.38317,-57.453,2020_HalibutSurvey,TRUE,8,2020,TRUE,TRUE
20-SS-HS-HYP-559,J20-0020B,NA,1,103,04-Jul-20,42.91667,-50.73117,2020_HalibutSurvey,TRUE,8,2020,TRUE,TRUE
20-SS-HS-HYP-569,J20-0020B,NA,2,137,04-Jul-20,42.8825,-50.65283,2020_HalibutSurvey,TRUE,8,2020,TRUE,TRUE
20-SS-HS-HYP-570,J20-0020B,NA,2,124,04-Jul-20,42.8825,-50.65283,2020_HalibutSurvey,TRUE,8,2020,TRUE,TRUE
20-SS-HS-HYP-571,J20-0020B,NA,2,110,04-Jul-20,42.8825,-50.65283,2020_HalibutSurvey,TRUE,8,2020,TRUE,TRUE
20-SS-HS-HYP-579,J20-0020B,NA,1,119,04-Jul-20,42.8825,-50.65283,2020_HalibutSurvey,TRUE,8,2020,TRUE,TRUE
20-SS-HS-HYP-591,J20-0020B,NA,1,90,04-Jul-20,42.8745,-50.632,2020_HalibutSurvey,TRUE,8,2020,TRUE,TRUE
20-SS-HS-HYP-593,J20-0020B,NA,2,107,04-Jul-20,42.8745,-50.632,2020_HalibutSurvey,TRUE,8,2020,TRUE,TRUE
20-SS-HS-HYP-60,J20-0020A,214,2,116,05-Jun-20,44.38317,-57.453,2020_HalibutSurvey,TRUE,8,2020,TRUE,TRUE
20-SS-HS-HYP-600,J20-0020B,NA,1,112,04-Jul-20,42.8745,-50.632,2020_HalibutSurvey,TRUE,8,2020,TRUE,TRUE
20-SS-HS-HYP-61,J20-0020A,215,2,96,05-Jun-20,44.38317,-57.453,2020_HalibutSurvey,TRUE,8,2020,TRUE,TRUE
20-SS-HS-HYP-618,J20-0020B,NA,2,92,05-Jul-20,42.88283,-50.5465,2020_HalibutSurvey,TRUE,8,2020,TRUE,TRUE
20-SS-HS-HYP-621,J20-0020B,NA,1,108,05-Jul-20,42.88283,-50.5465,2020_HalibutSurvey,TRUE,8,2020,TRUE,TRUE
20-SS-HS-HYP-623,J20-0020B,NA,2,109,05-Jul-20,42.85533,-50.5645,2020_HalibutSurvey,TRUE,8,2020,TRUE,TRUE
20-SS-HS-HYP-630,J20-0020B,NA,1,95,05-Jul-20,42.85533,-50.5645,2020_HalibutSurvey,TRUE,8,2020,TRUE,TRUE
20-SS-HS-HYP-632,J20-0020B,NA,1,124,05-Jul-20,42.85533,-50.5645,2020_HalibutSurvey,TRUE,8,2020,TRUE,TRUE
20-SS-HS-HYP-634,J20-0020B,NA,2,105,05-Jul-20,42.85533,-50.5645,2020_HalibutSurvey,TRUE,8,2020,TRUE,TRUE
20-SS-HS-HYP-638,J20-0020B,NA,1,103,05-Jul-20,42.83333,-50.54033,2020_HalibutSurvey,TRUE,8,2020,TRUE,TRUE
20-SS-HS-HYP-639,J20-0020B,NA,1,100,05-Jul-20,42.83333,-50.54033,2020_HalibutSurvey,TRUE,8,2020,TRUE,TRUE
20-SS-HS-HYP-646,J20-0020B,NA,2,109,05-Jul-20,42.83333,-50.54033,2020_HalibutSurvey,TRUE,8,2020,TRUE,TRUE
20-SS-HS-HYP-648,J20-0020B,NA,2,105,05-Jul-20,42.802,-50.49317,2020_HalibutSurvey,TRUE,8,2020,TRUE,TRUE
20-SS-HS-HYP-65,J20-0020A,221,2,95,06-Jun-20,44.395,-57.3825,2020_HalibutSurvey,TRUE,8,2020,TRUE,TRUE
20-SS-HS-HYP-68,J20-0020A,228,2,136,06-Jun-20,44.395,-57.3825,2020_HalibutSurvey,TRUE,8,2020,TRUE,TRUE
20-SS-HS-HYP-732,J20-0020B,NA,1,112,05-Jul-20,42.802,-50.49317,2020_HalibutSurvey,TRUE,8,2020,TRUE,TRUE
20-SS-HS-HYP-733,J20-0020B,NA,2,122,05-Jul-20,42.802,-50.49317,2020_HalibutSurvey,TRUE,8,2020,TRUE,TRUE
20-SS-HS-HYP-735,J20-0020B,NA,1,120,05-Jul-20,42.802,-50.49317,2020_HalibutSurvey,TRUE,8,2020,TRUE,TRUE
20-SS-HS-HYP-80,J20-0020A,268,1,110,06-Jun-20,44.37617,-57.38783,2020_HalibutSurvey,TRUE,8,2020,TRUE,TRUE
20-SS-HS-HYP-90,J20-0020A,283,2,99,06-Jun-20,44.39783,-57.31867,2020_HalibutSurvey,TRUE,8,2020,TRUE,TRUE
21-SS-HIP-1056,J21-0012A,3,2,124,14-Jul-21,47.21183,-60.2105,2021_FishMorph_HalibutSurvey,TRUE,8,2021,TRUE,TRUE
21-SS-HIP-2624,J21-9002,32,2,142,04-Jun-21,43.49917,-66.30733,2021_FishMorph_HalibutSurvey,TRUE,8,2021,TRUE,TRUE
21-SS-HIP-3180,J21-9000,21,2,103,23-May-21,43.46167,-65.06333,2021_FishMorph_HalibutSurvey,TRUE,8,2021,TRUE,TRUE
21-SS-HIP-4525,J21-9010,30,2,119,18-Jun-21,43.14667,-66.47083,2021_FishMorph_HalibutSurvey,TRUE,8,2021,TRUE,TRUE
21-SS-HIP-4540,J21-9010,53,1,89,19-Jun-21,43.188,-66.438,2021_FishMorph_HalibutSurvey,TRUE,8,2021,TRUE,TRUE
21-SS-HIP-4543,J21-9010,58,1,111,22-Jun-21,43.04533,-66.25883,2021_FishMorph_HalibutSurvey,TRUE,8,2021,TRUE,TRUE
21-SS-HIP-4565,J21-9010,119,2,135,21-Jun-21,43.17417,-66.50317,2021_FishMorph_HalibutSurvey,TRUE,8,2021,TRUE,TRUE
21-SS-HIP-0377,J21-0004A,73,2,142,NA,42.8985,-50.75583,2021_HalSurvTagObs_HalibutSurvey,TRUE,8,2021,TRUE,TRUE
21-SS-HIP-0496,J21-0007,22,2,121,13-Jun-21,47.28117,-60.28017,2021_HalSurvTagObs_HalibutSurvey,TRUE,8,2021,TRUE,TRUE
21-SS-HIP-1744,J21-0006A,223,2,106,21-Jun-21,44.98717,-54.62767,2021_HalSurvTagObs_HalibutSurvey,TRUE,8,2021,TRUE,TRUE
21-SS-HIP-1983,J21-0006B,292,1,95,21-Jul-21,43.557,-49.203,2021_HalSurvTagObs_HalibutSurvey,TRUE,8,2021,TRUE,TRUE
21-SS-HIP-2276,J21-0016,297,2,102,11-Aug-21,44.81433,-49.02683,2021_HalSurvTagObs_HalibutSurvey,TRUE,8,2021,TRUE,TRUE
21-SS-HIP-3256,J21-0120,17,2,86,01-Jun-21,43.63,-64.43617,2021_HalSurvTagObs_HalibutSurvey,TRUE,8,2021,TRUE,TRUE
21-SS-HIP-3295,J21-0120,72,2,141,03-Jun-21,43.109,-65.07033,2021_HalSurvTagObs_HalibutSurvey,TRUE,8,2021,TRUE,TRUE
21-SS-HIP-5528,CAR2021240,19,2,137,02-Aug-21,42.89566667,64.826,2021_RV,FALSE,8,2021,TRUE,TRUE
21-SS-HIP-5571,CAR2021240,24,2,129,07-Aug-21,44.18516667,63.0115,2021_RV,FALSE,8,2021,TRUE,TRUE
21-SS-HIP-4672,J22-9002,93,1,116,02-Jun-22,42.1085,-66.76333,2022_FishMorphology_Port,TRUE,8,2022,TRUE,TRUE
22-SS-HIP-0689,J22-9020,37,2,123,01-Jul-22,44.75833,-58.82833,2022_FishMorphology_Port,TRUE,8,2022,TRUE,TRUE
22-SS-HIP-0713,J22-9020,54,UK,101,01-Jul-22,44.75833,-58.82833,2022_FishMorphology_Port,TRUE,8,2022,TRUE,TRUE
22-SS-HIP-3897,J22-0093,109,2,87,23-Aug-22,45.783,-56.00433,2022_HalSurvTagObs_HalibutSurvey,TRUE,8,2022,TRUE,TRUE
22-SS-HIP-3906,J22-0093,127,1,83,23-Aug-22,45.6805,-55.793,2022_HalSurvTagObs_HalibutSurvey,TRUE,8,2022,TRUE,TRUE
21-SS-HIP-4740,J22-0083,57,2,84,27-Jun-22,42.777,-62.99883,2022_IndustrySurveys,TRUE,8,2022,TRUE,TRUE
21-SS-HIP-246,J22-0180,127,2,104,22-Oct-22,43.284,-64.215,2022_Maturity,TRUE,8,2022,TRUE,TRUE
21-SS-HIP-259,J22-0180,152,2,92,23-Oct-22,43.24517,-64.15367,2022_Maturity,TRUE,8,2022,TRUE,TRUE
21-SS-HIP-264,J22-0180,160,2,71,23-Oct-22,43.24517,-64.15367,2022_Maturity,TRUE,8,2022,TRUE,TRUE
21-SS-HIP-276,J22-0180,177,2,119,23-Oct-22,43.27033,-64.09083,2022_Maturity,TRUE,8,2022,TRUE,TRUE
21-SS-HIP-3031,J22-0190,195,1,100,05-Dec-22,44.94267,-54.61917,2022_Maturity,TRUE,8,2022,TRUE,FALSE
21-SS-HIP-3033,J22-0190,196,1,97,05-Dec-22,44.94267,-54.61917,2022_Maturity,TRUE,8,2022,TRUE,FALSE
21-SS-HIP-3038,J22-0190,200,2,108,06-Dec-22,44.38083,-53.428,2022_Maturity,TRUE,8,2022,TRUE,TRUE
21-SS-HIP-3039,J22-0190,201,2,110,06-Dec-22,44.38083,-53.428,2022_Maturity,TRUE,8,2022,TRUE,TRUE
21-SS-HIP-3092,J22-0187,95,1,77,03-Dec-22,44.564,-57.03467,2022_Maturity,TRUE,8,2022,TRUE,TRUE
21-SS-HIP-3099,J22-0187,102,2,94,04-Dec-22,44.55817,-57.0445,2022_Maturity,TRUE,8,2022,TRUE,TRUE
21-SS-HIP-3103,J22-0187,106,2,107,04-Dec-22,44.55433,-57.14717,2022_Maturity,TRUE,8,2022,TRUE,TRUE
21-SS-HIP-3104,J22-0187,107,2,104,04-Dec-22,44.55433,-57.14717,2022_Maturity,TRUE,8,2022,TRUE,TRUE
21-SS-HIP-3105,J22-0187,108,2,118,04-Dec-22,44.55433,-57.14717,2022_Maturity,TRUE,8,2022,TRUE,TRUE
21-SS-HIP-3119,J22-0187,122,2,135,05-Dec-22,44.52117,-56.74917,2022_Maturity,TRUE,8,2022,TRUE,TRUE
21-SS-HIP-3126,J22-0187,129,1,96,06-Dec-22,44.528,-56.789,2022_Maturity,TRUE,8,2022,TRUE,TRUE
21-SS-HIP-3137,J22-0187,140,2,117,07-Dec-22,44.55783,-56.79283,2022_Maturity,TRUE,8,2022,TRUE,TRUE
21-SS-HIP-3138,J22-0187,141,1,82,07-Dec-22,44.55783,-56.79283,2022_Maturity,TRUE,8,2022,TRUE,TRUE
21-SS-HIP-3139,J22-0187,142,2,118,07-Dec-22,44.55783,-56.79283,2022_Maturity,TRUE,8,2022,TRUE,TRUE
21-SS-HIP-4256,J23-0004,46,1,81,23-Jan-23,44.35317,-53.288,2022_Maturity,TRUE,8,2022,TRUE,TRUE
21-SS-HIP-4269,J23-0004,82,2,105,24-Jan-23,44.34783,-53.39583,2022_Maturity,TRUE,8,2022,TRUE,TRUE
21-SS-HIP-4292,J23-0004,170,2,120,25-Jan-23,44.3585,-53.09783,2022_Maturity,TRUE,8,2022,TRUE,TRUE
21-SS-HIP-4787,J22-0187,8,1,91,23-Nov-22,43.43483,-60.05067,2022_Maturity,TRUE,8,2022,TRUE,TRUE
21-SS-HIP-4790,J22-0187,11,2,106,23-Nov-22,43.44367,-60.05867,2022_Maturity,TRUE,8,2022,TRUE,TRUE
21-SS-HIP-4799,J22-0187,20,1,82,23-Nov-22,43.48067,-59.89083,2022_Maturity,TRUE,8,2022,TRUE,TRUE
21-SS-HIP-4832,J22-0187,53,2,91,30-Nov-22,43.54167,-59.8665,2022_Maturity,TRUE,8,2022,TRUE,TRUE
21-SS-HIP-4835,J22-0187,56,2,107,30-Nov-22,43.54267,-59.82033,2022_Maturity,TRUE,8,2022,TRUE,TRUE
21-SS-HIP-4836,J22-0187,57,2,95,30-Nov-22,43.54267,-59.82033,2022_Maturity,TRUE,8,2022,TRUE,TRUE
21-SS-HIP-4840,J22-0187,61,2,87,30-Nov-22,43.54267,-59.82033,2022_Maturity,TRUE,8,2022,TRUE,TRUE
21-SS-HIP-4845,J22-0187,66,2,139,02-Dec-22,44.57267,-56.952,2022_Maturity,TRUE,8,2022,TRUE,TRUE
21-SS-HIP-5161,J22-0034,58,2,109,10-Mar-22,42.29633,-65.0505,2022_Maturity,TRUE,8,2022,TRUE,TRUE
21-SS-HIP-5166,J22-0034,63,1,97,11-Mar-22,42.448,-64.73467,2022_Maturity,TRUE,8,2022,TRUE,TRUE
21-SS-HIP-5296,J22-0190,81,2,112,29-Nov-22,44.91167,-55.43833,2022_Maturity,TRUE,8,2022,TRUE,TRUE
21-SS-HIP-5315,J22-0190,115,1,95,03-Dec-22,44.82667,-55.54333,2022_Maturity,TRUE,8,2022,TRUE,TRUE
21-SS-HIP-5339,J22-0190,140,2,113,04-Dec-22,45.093,-54.27517,2022_Maturity,TRUE,8,2022,TRUE,TRUE
21-SS-HIP-6342,J22-0029,24,2,116,11-Feb-22,44.49917,-57.06117,2022_Maturity,TRUE,8,2022,TRUE,TRUE
21-SS-HIP-6354,J22-0029,36,2,98,11-Feb-22,44.50883,-57.108,2022_Maturity,TRUE,8,2022,TRUE,TRUE
21-SS-HIP-6358,J22-0029,40,1,81,11-Feb-22,44.50883,-57.108,2022_Maturity,TRUE,8,2022,TRUE,TRUE
21-SS-HIP-6361,J22-0029,43,1,82,11-Feb-22,44.49183,-57.1755,2022_Maturity,TRUE,8,2022,TRUE,TRUE
21-SS-HIP-6363,J22-0029,45,2,135,11-Feb-22,44.49183,-57.1755,2022_Maturity,TRUE,8,2022,TRUE,TRUE
21-SS-HIP-6365,J22-0029,47,2,127,11-Feb-22,44.49183,-57.1755,2022_Maturity,TRUE,8,2022,TRUE,TRUE
21-SS-HIP-6366,J22-0029,48,2,95,11-Feb-22,44.49183,-57.1755,2022_Maturity,TRUE,8,2022,TRUE,TRUE
21-SS-HIP-6373,J22-0029,55,2,100,12-Feb-22,44.493,-57.173,2022_Maturity,TRUE,8,2022,TRUE,TRUE
21-SS-HIP-6393,J22-0029,75,2,129,13-Feb-22,44.49817,-57.06267,2022_Maturity,TRUE,8,2022,TRUE,TRUE
21-SS-HIP-6394,J22-0029,76,1,79,13-Feb-22,44.49817,-57.06267,2022_Maturity,TRUE,8,2022,TRUE,TRUE
21-SS-HIP-6397,J22-0029,79,2,103,13-Feb-22,44.49817,-57.06267,2022_Maturity,TRUE,8,2022,TRUE,TRUE
21-SS-HIP-6486,J22-0029,87,1,72,13-Feb-22,44.49233,-57.2185,2022_Maturity,TRUE,8,2022,TRUE,TRUE
21-SS-HIP-6492,J22-0029,93,2,85,14-Feb-22,44.497,-57.16333,2022_Maturity,TRUE,8,2022,TRUE,TRUE
21-SS-HIP-6502,J22-0029,103,1,81,17-Feb-22,44.34667,-53.23767,2022_Maturity,TRUE,8,2022,TRUE,TRUE
21-SS-HIP-6512,J22-0029,113,2,110,19-Feb-22,44.38083,-53.42667,2022_Maturity,TRUE,8,2022,TRUE,TRUE
21-SS-HIP-6525,J22-0029,126,2,115,19-Feb-22,44.36533,-53.42467,2022_Maturity,TRUE,8,2022,TRUE,TRUE
21-SS-HIP-6526,J22-0029,127,2,133,19-Feb-22,44.36533,-53.42467,2022_Maturity,TRUE,8,2022,TRUE,TRUE
21-SS-HIP-6533,J22-0029,134,1,88,20-Feb-22,44.37317,-53.426,2022_Maturity,TRUE,8,2022,TRUE,TRUE
21-SS-HIP-6537,J22-0029,138,2,123,20-Feb-22,44.34033,-53.11917,2022_Maturity,TRUE,8,2022,TRUE,TRUE
21-SS-HIP-6547,J22-0029,148,2,106,20-Feb-22,44.32133,-53.14933,2022_Maturity,TRUE,8,2022,TRUE,TRUE
22-SS-HIP-0974,J22-0180,2,1,80,21-Oct-22,43.2485,-64.124,2022_Maturity,TRUE,8,2022,TRUE,TRUE
22-SS-HIP-0981,J22-0180,9,2,93,21-Oct-22,43.2485,-64.124,2022_Maturity,TRUE,8,2022,TRUE,TRUE
22-SS-HIP-0990,J22-0180,18,2,129,21-Oct-22,43.2485,-64.124,2022_Maturity,TRUE,8,2022,TRUE,TRUE
22-SS-HIP-0991,J22-0180,19,2,88,21-Oct-22,43.2485,-64.124,2022_Maturity,TRUE,8,2022,TRUE,TRUE
22-SS-HIP-1002,J22-0180,30,1,88,21-Oct-22,43.25883,-64.17183,2022_Maturity,TRUE,8,2022,TRUE,TRUE
22-SS-HIP-1005,J22-0180,33,2,97,21-Oct-22,43.25883,-64.17183,2022_Maturity,TRUE,8,2022,TRUE,TRUE
22-SS-HIP-1010,J22-0180,38,2,111,21-Oct-22,43.25883,-64.17183,2022_Maturity,TRUE,8,2022,TRUE,TRUE
22-SS-HIP-1022,J22-0180,55,2,89,22-Oct-22,43.27333,-64.1675,2022_Maturity,TRUE,8,2022,TRUE,TRUE
22-SS-HIP-1024,J22-0180,58,1,80,22-Oct-22,43.27333,-64.1675,2022_Maturity,TRUE,8,2022,TRUE,TRUE
22-SS-HIP-1027,J22-0180,71,2,100,22-Oct-22,43.27333,-64.1675,2022_Maturity,TRUE,8,2022,TRUE,TRUE
22-SS-HIP-1047,J22-0180,108,1,92,22-Oct-22,43.26867,-64.21967,2022_Maturity,TRUE,8,2022,TRUE,TRUE
22-SS-HIP-1049,J22-0180,114,1,109,22-Oct-22,43.26867,-64.21967,2022_Maturity,TRUE,8,2022,TRUE,TRUE
22-SS-HIP-1050,J22-0180,118,2,116,22-Oct-22,43.26867,-64.21967,2022_Maturity,TRUE,8,2022,TRUE,TRUE
22-SS-HIP-1386,J22-0177,91,2,111,20-Oct-22,44.96033,-54.65383,2022_Maturity,TRUE,8,2022,TRUE,TRUE
22-SS-HIP-1390,J22-0177,95,2,104,21-Oct-22,44.95467,-55.16917,2022_Maturity,TRUE,8,2022,TRUE,TRUE
22-SS-HIP-1393,J22-0177,98,2,100,21-Oct-22,44.91933,-55.427,2022_Maturity,TRUE,8,2022,TRUE,TRUE
22-SS-HIP-1416,J22-0177,121,2,107,23-Oct-22,44.86767,-55.43917,2022_Maturity,TRUE,8,2022,TRUE,TRUE
22-SS-HIP-1422,J22-0177,127,1,91,23-Oct-22,44.941,-55.46833,2022_Maturity,TRUE,8,2022,TRUE,TRUE
22-SS-HIP-1428,J22-0177,133,2,106,23-Oct-22,44.9835,-55.4975,2022_Maturity,TRUE,8,2022,TRUE,TRUE
22-SS-HIP-1431,J22-0177,136,2,91,23-Oct-22,44.9835,-55.4975,2022_Maturity,TRUE,8,2022,TRUE,TRUE
22-SS-HIP-1435,J22-0177,140,2,110,23-Oct-22,45.00017,-55.407,2022_Maturity,TRUE,8,2022,TRUE,TRUE
22-SS-HIP-1440,J22-0177,145,2,120,24-Oct-22,44.91333,-55.44383,2022_Maturity,TRUE,8,2022,TRUE,TRUE
22-SS-HIP-1451,J22-0177,156,2,156,24-Oct-22,44.822,-55.58033,2022_Maturity,TRUE,8,2022,TRUE,TRUE
22-SS-HIP-1718,J22-0177,17,2,138,16-Oct-22,44.819,-55.572,2022_Maturity,TRUE,8,2022,TRUE,TRUE
22-SS-HIP-1719,J22-0177,18,1,84,16-Oct-22,44.819,-55.572,2022_Maturity,TRUE,8,2022,TRUE,TRUE
22-SS-HIP-1726,J22-0177,25,2,92,17-Oct-22,44.786,-55.56583,2022_Maturity,TRUE,8,2022,TRUE,TRUE
22-SS-HIP-1730,J22-0177,29,2,122,17-Oct-22,44.786,-55.56583,2022_Maturity,TRUE,8,2022,TRUE,TRUE
22-SS-HIP-1743,J22-0177,42,2,125,17-Oct-22,44.87267,-55.427,2022_Maturity,TRUE,8,2022,TRUE,TRUE
22-SS-HIP-1747,J22-0177,47,2,111,18-Oct-22,44.8105,-55.595,2022_Maturity,TRUE,8,2022,TRUE,TRUE
22-SS-HIP-1771,J22-0177,71,1,109,19-Oct-22,44.78383,-55.54967,2022_Maturity,TRUE,8,2022,TRUE,TRUE
22-SS-HIP-1782,J22-0177,82,2,141,19-Oct-22,44.756,-55.72083,2022_Maturity,TRUE,8,2022,TRUE,TRUE
22-SS-HIP-1959,J23-0031,16,1,109,29-Jan-23,42.08467,-65.57733,2022_Maturity,TRUE,8,2022,TRUE,TRUE
22-SS-HIP-1970,J23-0031,27,2,90,29-Jan-23,42.0595,-65.56117,2022_Maturity,TRUE,8,2022,TRUE,TRUE
22-SS-HIP-2001,J23-0031,58,1,93,31-Jan-23,42.04483,-65.54283,2022_Maturity,TRUE,8,2022,TRUE,TRUE
22-SS-HIP-2002,J23-0031,59,1,112,31-Jan-23,42.04483,-65.54283,2022_Maturity,TRUE,8,2022,TRUE,TRUE
18-SS-HIP-3650,J18-0209,102297453,1,112,NA,44.18717,-66.59967,NA,TRUE,8,2018,FALSE,FALSE
20-SS-HS-HYP-103,J20-0020A,317,2,126,06-Jun-20,44.41017,-57.2825,2020_HalibutSurvey,TRUE,9,2020,TRUE,TRUE
20-SS-HS-HYP-106,J20-0020A,321,1,106,06-Jun-20,44.41017,-57.2825,2020_HalibutSurvey,TRUE,9,2020,TRUE,TRUE
20-SS-HS-HYP-107,J20-0020A,322,2,99,06-Jun-20,44.41017,-57.2825,2020_HalibutSurvey,TRUE,9,2020,TRUE,TRUE
20-SS-HS-HYP-1121,J20-0251A,202,2,140,08-Jul-20,44.58533,-50.32833,2020_HalibutSurvey,TRUE,9,2020,TRUE,TRUE
20-SS-HS-HYP-1133,J20-0251A,250,2,104,10-Jul-20,44.98667,-54.63283,2020_HalibutSurvey,TRUE,9,2020,TRUE,TRUE
20-SS-HS-HYP-1175,J20-0020B,NA,1,110,07-Jul-20,42.87967,-50.14933,2020_HalibutSurvey,TRUE,9,2020,TRUE,TRUE
20-SS-HS-HYP-118,J20-0020A,345,2,99,06-Jun-20,44.44617,-57.24117,2020_HalibutSurvey,TRUE,9,2020,TRUE,TRUE
20-SS-HS-HYP-1198,J20-0020B,NA,2,150,07-Jul-20,42.84867,-50.147,2020_HalibutSurvey,TRUE,9,2020,TRUE,TRUE
20-SS-HS-HYP-129,J20-0020A,363,2,97,06-Jun-20,44.42833,-57.26867,2020_HalibutSurvey,TRUE,9,2020,TRUE,TRUE
20-SS-HS-HYP-174,J20-0020A,486,2,133,08-Jun-20,44.7245,-56.887,2020_HalibutSurvey,TRUE,9,2020,TRUE,TRUE
20-SS-HS-HYP-175,J20-0020A,488,2,114,08-Jun-20,44.7245,-56.887,2020_HalibutSurvey,TRUE,9,2020,TRUE,TRUE
20-SS-HS-HYP-176,J20-0020A,489,2,117,08-Jun-20,44.7245,-56.887,2020_HalibutSurvey,TRUE,9,2020,TRUE,TRUE
20-SS-HS-HYP-179,J20-0020A,512,2,105,08-Jun-20,44.702,-56.86817,2020_HalibutSurvey,TRUE,9,2020,TRUE,TRUE
20-SS-HS-HYP-19,J20-0020A,143,1,85,05-Jun-20,44.33417,-57.50967,2020_HalibutSurvey,TRUE,9,2020,TRUE,TRUE
20-SS-HS-HYP-195,J20-0020A,532,2,144,09-Jun-20,44.69183,-56.92067,2020_HalibutSurvey,TRUE,9,2020,TRUE,TRUE
20-SS-HS-HYP-200,J20-0020A,543,1,110,09-Jun-20,44.5495,-56.8325,2020_HalibutSurvey,TRUE,9,2020,TRUE,TRUE
20-SS-HS-HYP-207,J20-0020A,591,2,146,10-Jun-20,44.62617,-56.48983,2020_HalibutSurvey,TRUE,9,2020,TRUE,TRUE
20-SS-HS-HYP-223,J20-0020A,617,2,106,10-Jun-20,44.63883,-56.409,2020_HalibutSurvey,TRUE,9,2020,TRUE,TRUE
20-SS-HS-HYP-229,J20-0020A,623,2,129,10-Jun-20,44.63083,-56.4545,2020_HalibutSurvey,TRUE,9,2020,TRUE,TRUE
20-SS-HS-HYP-231,J20-0020A,626,2,132,10-Jun-20,44.63083,-56.4545,2020_HalibutSurvey,TRUE,9,2020,TRUE,TRUE
20-SS-HS-HYP-239,J20-0020A,638,2,148,10-Jun-20,44.6205,-56.51683,2020_HalibutSurvey,TRUE,9,2020,TRUE,TRUE
20-SS-HS-HYP-241,J20-0020A,640,2,142,10-Jun-20,44.6205,-56.51683,2020_HalibutSurvey,TRUE,9,2020,TRUE,TRUE
20-SS-HS-HYP-244,J20-0020A,643,2,146,10-Jun-20,44.59317,-56.56867,2020_HalibutSurvey,TRUE,9,2020,TRUE,TRUE
20-SS-HS-HYP-254,J20-0020A,658,2,139,10-Jun-20,44.58333,-56.63567,2020_HalibutSurvey,TRUE,9,2020,TRUE,TRUE
20-SS-HS-HYP-261,J20-0020A,666,2,118,11-Jun-20,44.39833,-57.377,2020_HalibutSurvey,TRUE,9,2020,TRUE,TRUE
20-SS-HS-HYP-27,J20-0020A,172,1,111,05-Jun-20,44.33417,-57.50967,2020_HalibutSurvey,TRUE,9,2020,TRUE,TRUE
20-SS-HS-HYP-38,J20-0020A,186,2,89,05-Jun-20,44.35133,-57.50783,2020_HalibutSurvey,TRUE,9,2020,TRUE,TRUE
20-SS-HS-HYP-39,J20-0020A,187,2,119,05-Jun-20,44.35133,-57.50783,2020_HalibutSurvey,TRUE,9,2020,TRUE,TRUE
20-SS-HS-HYP-43,J20-0020A,193,2,113,05-Jun-20,44.37167,-57.47567,2020_HalibutSurvey,TRUE,9,2020,TRUE,TRUE
20-SS-HS-HYP-490,J20-0020B,NA,2,121,28-Jun-20,44.425,-51.7655,2020_HalibutSurvey,TRUE,9,2020,TRUE,TRUE
20-SS-HS-HYP-523,J20-0020B,NA,2,137,29-Jun-20,44.47117,-50.259,2020_HalibutSurvey,TRUE,9,2020,TRUE,TRUE
20-SS-HS-HYP-54,J20-0020A,206,2,84,05-Jun-20,44.38317,-57.453,2020_HalibutSurvey,TRUE,9,2020,TRUE,TRUE
20-SS-HS-HYP-542,J20-0020B,NA,1,123,04-Jul-20,42.91233,-50.71783,2020_HalibutSurvey,TRUE,9,2020,TRUE,TRUE
20-SS-HS-HYP-545,J20-0020B,NA,2,126,04-Jul-20,42.91233,-50.71783,2020_HalibutSurvey,TRUE,9,2020,TRUE,TRUE
20-SS-HS-HYP-564,J20-0020B,NA,2,132,04-Jul-20,42.91667,-50.73117,2020_HalibutSurvey,TRUE,9,2020,TRUE,TRUE
20-SS-HS-HYP-567,J20-0020B,NA,2,99,04-Jul-20,42.91667,-50.73117,2020_HalibutSurvey,TRUE,9,2020,TRUE,TRUE
20-SS-HS-HYP-574,J20-0020B,NA,2,118,04-Jul-20,42.8825,-50.65283,2020_HalibutSurvey,TRUE,9,2020,TRUE,TRUE
20-SS-HS-HYP-580,J20-0020B,NA,2,98,04-Jul-20,42.8825,-50.65283,2020_HalibutSurvey,TRUE,9,2020,TRUE,TRUE
20-SS-HS-HYP-581,J20-0020B,NA,1,110,04-Jul-20,42.8825,-50.65283,2020_HalibutSurvey,TRUE,9,2020,TRUE,TRUE
20-SS-HS-HYP-586,J20-0020B,NA,2,144,04-Jul-20,42.8825,-50.65283,2020_HalibutSurvey,TRUE,9,2020,TRUE,TRUE
20-SS-HS-HYP-597,J20-0020B,NA,2,130,04-Jul-20,42.8745,-50.632,2020_HalibutSurvey,TRUE,9,2020,TRUE,TRUE
20-SS-HS-HYP-605,J20-0020B,NA,2,128,05-Jul-20,42.88283,-50.5465,2020_HalibutSurvey,TRUE,9,2020,TRUE,TRUE
20-SS-HS-HYP-606,J20-0020B,NA,2,116,05-Jul-20,42.88283,-50.5465,2020_HalibutSurvey,TRUE,9,2020,TRUE,TRUE
20-SS-HS-HYP-607,J20-0020B,NA,2,138,05-Jul-20,42.88283,-50.5465,2020_HalibutSurvey,TRUE,9,2020,TRUE,TRUE
20-SS-HS-HYP-625,J20-0020B,NA,2,121,05-Jul-20,42.85533,-50.5645,2020_HalibutSurvey,TRUE,9,2020,TRUE,TRUE
20-SS-HS-HYP-63,J20-0020A,219,2,129,06-Jun-20,44.395,-57.3825,2020_HalibutSurvey,TRUE,9,2020,TRUE,TRUE
20-SS-HS-HYP-631,J20-0020B,NA,2,98,05-Jul-20,42.85533,-50.5645,2020_HalibutSurvey,TRUE,9,2020,TRUE,TRUE
20-SS-HS-HYP-7,J20-0020A,110,1,83,05-Jun-20,44.33333,-57.58833,2020_HalibutSurvey,TRUE,9,2020,TRUE,TRUE
20-SS-HS-HYP-754,J20-0020B,NA,1,116,05-Jul-20,42.842,-50.51517,2020_HalibutSurvey,TRUE,9,2020,TRUE,TRUE
20-SS-HS-HYP-756,J20-0020B,NA,2,114,05-Jul-20,42.842,-50.51517,2020_HalibutSurvey,TRUE,9,2020,TRUE,TRUE
20-SS-HS-HYP-758,J20-0020B,NA,2,134,05-Jul-20,42.842,-50.51517,2020_HalibutSurvey,TRUE,9,2020,TRUE,TRUE
20-SS-HS-HYP-78,J20-0020A,265,1,85,06-Jun-20,44.37617,-57.38783,2020_HalibutSurvey,TRUE,9,2020,TRUE,TRUE
20-SS-HS-HYP-79,J20-0020A,267,2,116,06-Jun-20,44.37617,-57.38783,2020_HalibutSurvey,TRUE,9,2020,TRUE,TRUE
20-SS-HS-HYP-85,J20-0020A,276,2,160,06-Jun-20,44.39783,-57.31867,2020_HalibutSurvey,TRUE,9,2020,TRUE,TRUE
20-SS-HS-HYP-94,J20-0020A,295,2,118,06-Jun-20,44.39783,-57.31867,2020_HalibutSurvey,TRUE,9,2020,TRUE,TRUE
21-SS-HIP-2619,J21-9002,27,1,95,05-Jun-21,43.60833,-66.31917,2021_FishMorph_HalibutSurvey,TRUE,9,2021,TRUE,TRUE
21-SS-HIP-2766,J21-9003,15,2,137,11-Jun-21,43.14933,-66.1885,2021_FishMorph_HalibutSurvey,TRUE,9,2021,TRUE,TRUE
21-SS-HIP-3188,J21-9000,29,2,127,23-May-21,43.46167,-65.06333,2021_FishMorph_HalibutSurvey,TRUE,9,2021,TRUE,TRUE
21-SS-HIP-4341,J21-9001,48,2,140,03-Jun-21,43.49983,-66.23667,2021_FishMorph_HalibutSurvey,TRUE,9,2021,TRUE,TRUE
21-SS-HIP-4468,J21-9006,38,2,142,15-Jun-21,43.52717,-66.332,2021_FishMorph_HalibutSurvey,TRUE,9,2021,TRUE,TRUE
21-SS-HIP-4486,J21-9006,65,2,117,17-Jun-21,43.57717,-66.48117,2021_FishMorph_HalibutSurvey,TRUE,9,2021,TRUE,TRUE
21-SS-HIP-0413,J21-0006A,10,2,115,10-Jun-21,46.62633,-57.30333,2021_HalSurvTagObs_HalibutSurvey,TRUE,9,2021,TRUE,TRUE
21-SS-HIP-1238,J21-0004A,671,1,92,NA,43.4315,-49.2735,2021_HalSurvTagObs_HalibutSurvey,TRUE,9,2021,TRUE,TRUE
21-SS-HIP-1569,J21-0004B,62,1,121,NA,44.665,-56.47033,2021_HalSurvTagObs_HalibutSurvey,TRUE,9,2021,TRUE,TRUE
21-SS-HIP-1573,J21-0004B,69,1,94,NA,44.64,-56.59167,2021_HalSurvTagObs_HalibutSurvey,TRUE,9,2021,TRUE,TRUE
21-SS-HIP-2686,J21-0122,28,2,121,12-Jun-21,43.333,-64.20433,2021_HalSurvTagObs_HalibutSurvey,TRUE,9,2021,TRUE,TRUE
21-SS-HIP-3247,J21-0120,8,1,97,01-Jun-21,43.63,-64.43617,2021_HalSurvTagObs_HalibutSurvey,TRUE,9,2021,TRUE,TRUE
21-SS-HIP-3259,J21-0120,21,2,112,01-Jun-21,43.63,-64.43617,2021_HalSurvTagObs_HalibutSurvey,TRUE,9,2021,TRUE,TRUE
21-SS-HIP-3307,J21-0120,91,2,119,04-Jun-21,43.09083,-65.30417,2021_HalSurvTagObs_HalibutSurvey,TRUE,9,2021,TRUE,TRUE
21-SS-HIP-2462,J22-9013,251,2,114,17-Jul-22,42.66017,-65.20183,2022_FishMorphology_Port,TRUE,9,2022,TRUE,FALSE
22-SS-HIP-1370,J22-0092,172,2,129,01-Aug-22,44.49233,-51.76083,2022_HalSurvTagObs_HalibutSurvey,TRUE,9,2022,TRUE,TRUE
22-SS-HIP-2734,J22-0017A,207,1,97,06-Jun-22,44.646,-57.171,2022_HalSurvTagObs_HalibutSurvey,TRUE,9,2022,TRUE,TRUE
21-SS-HIP-244,J22-0180,125,2,85,22-Oct-22,43.284,-64.215,2022_Maturity,TRUE,9,2022,TRUE,TRUE
21-SS-HIP-265,J22-0180,163,2,90,23-Oct-22,43.27033,-64.09083,2022_Maturity,TRUE,9,2022,TRUE,TRUE
21-SS-HIP-268,J22-0180,164,1,99,23-Oct-22,43.27033,-64.09083,2022_Maturity,TRUE,9,2021,TRUE,TRUE
21-SS-HIP-270,J22-0180,166,2,91,23-Oct-22,43.27033,-64.09083,2022_Maturity,TRUE,9,2022,TRUE,TRUE
21-SS-HIP-3047,J22-0190,208,2,117,06-Dec-22,44.38083,-53.428,2022_Maturity,TRUE,9,2022,TRUE,TRUE
21-SS-HIP-3055,J22-0190,215,2,105,06-Dec-22,44.36283,-53.31233,2022_Maturity,TRUE,9,2022,TRUE,TRUE
21-SS-HIP-3100,J22-0187,103,2,108,04-Dec-22,44.55817,-57.0445,2022_Maturity,TRUE,9,2022,TRUE,TRUE
21-SS-HIP-319,J22-0180,242,2,135,25-Oct-22,43.42867,-65.24883,2022_Maturity,TRUE,9,2022,TRUE,TRUE
21-SS-HIP-4227,J23-0004,18,1,123,23-Jan-23,44.382,-53.40467,2022_Maturity,TRUE,9,2022,TRUE,TRUE
21-SS-HIP-4235,J23-0004,25,1,100,23-Jan-23,44.34433,-53.38467,2022_Maturity,TRUE,9,2022,TRUE,TRUE
21-SS-HIP-4238,J23-0004,28,2,120,23-Jan-23,44.34433,-53.38467,2022_Maturity,TRUE,9,2022,TRUE,TRUE
21-SS-HIP-4264,J23-0004,54,2,107,24-Jan-23,44.34783,-53.39583,2022_Maturity,TRUE,9,2022,TRUE,TRUE
21-SS-HIP-4265,J23-0004,55,1,85,24-Jan-23,44.34783,-53.39583,2022_Maturity,TRUE,9,2022,TRUE,TRUE
21-SS-HIP-4781,J22-0187,2,1,93,23-Nov-22,43.4155,-60.082,2022_Maturity,TRUE,9,2022,TRUE,TRUE
21-SS-HIP-4786,J22-0187,7,2,143,23-Nov-22,43.4155,-60.082,2022_Maturity,TRUE,9,2022,TRUE,TRUE
21-SS-HIP-4833,J22-0187,54,2,112,30-Nov-22,43.54267,-59.82033,2022_Maturity,TRUE,9,2022,TRUE,TRUE
21-SS-HIP-4853,J22-0187,74,1,89,02-Dec-22,44.5845,-56.86217,2022_Maturity,TRUE,9,2022,TRUE,TRUE
21-SS-HIP-4854,J22-0187,75,2,126,02-Dec-22,44.59333,-56.93733,2022_Maturity,TRUE,9,2022,TRUE,TRUE
21-SS-HIP-5160,J22-0034,57,2,148,10-Mar-22,42.29633,-65.0505,2022_Maturity,TRUE,9,2022,TRUE,TRUE
21-SS-HIP-5269,J22-0190,19,1,84,27-Nov-22,44.95717,-54.5675,2022_Maturity,TRUE,9,2022,TRUE,TRUE
21-SS-HIP-5278,J22-0190,53,1,84,29-Nov-22,44.79317,-55.5475,2022_Maturity,TRUE,9,2022,TRUE,TRUE
21-SS-HIP-5312,J22-0190,112,1,88,02-Dec-22,44.79133,-55.53767,2022_Maturity,TRUE,9,2022,TRUE,TRUE
21-SS-HIP-5338,J22-0190,136,2,111,04-Dec-22,45.093,-54.27517,2022_Maturity,TRUE,9,2022,TRUE,TRUE
21-SS-HIP-5349,J23-0004,181,1,80,25-Jan-23,44.31083,-53.14833,2022_Maturity,TRUE,9,2022,TRUE,TRUE
21-SS-HIP-5351,J23-0004,188,1,90,25-Jan-23,44.31083,-53.14833,2022_Maturity,TRUE,9,2022,TRUE,TRUE
21-SS-HIP-5373,J23-0004,268,2,102,26-Jan-23,44.23033,-52.97317,2022_Maturity,TRUE,9,2022,TRUE,TRUE
21-SS-HIP-5382,J23-0004,317,2,132,26-Jan-23,44.11333,-52.98667,2022_Maturity,TRUE,9,2022,TRUE,TRUE
21-SS-HIP-6335,J22-0029,17,1,95,08-Feb-22,44.49317,-57.16583,2022_Maturity,TRUE,9,2022,TRUE,TRUE
21-SS-HIP-6338,J22-0029,20,2,126,08-Feb-22,44.49883,-57.22017,2022_Maturity,TRUE,9,2022,TRUE,TRUE
21-SS-HIP-6344,J22-0029,26,1,83,11-Feb-22,44.49917,-57.06117,2022_Maturity,TRUE,9,2022,TRUE,TRUE
21-SS-HIP-6346,J22-0029,28,2,87,11-Feb-22,44.49917,-57.06117,2022_Maturity,TRUE,9,2022,TRUE,TRUE
21-SS-HIP-6347,J22-0029,29,1,80,11-Feb-22,44.49917,-57.06117,2022_Maturity,TRUE,9,2022,TRUE,TRUE
21-SS-HIP-6351,J22-0029,33,1,78,11-Feb-22,44.50883,-57.108,2022_Maturity,TRUE,9,2022,TRUE,TRUE
21-SS-HIP-6352,J22-0029,34,2,111,11-Feb-22,44.50883,-57.108,2022_Maturity,TRUE,9,2022,TRUE,TRUE
21-SS-HIP-6355,J22-0029,37,2,116,11-Feb-22,44.50883,-57.108,2022_Maturity,TRUE,9,2022,TRUE,TRUE
21-SS-HIP-6380,J22-0029,62,2,108,12-Feb-22,44.493,-57.173,2022_Maturity,TRUE,9,2022,TRUE,TRUE
21-SS-HIP-6384,J22-0029,66,2,127,12-Feb-22,44.494,-57.22733,2022_Maturity,TRUE,9,2022,TRUE,TRUE
21-SS-HIP-6390,J22-0029,72,1,78,13-Feb-22,44.49817,-57.06267,2022_Maturity,TRUE,9,2022,TRUE,TRUE
21-SS-HIP-6395,J22-0029,77,1,76,13-Feb-22,44.49817,-57.06267,2022_Maturity,TRUE,9,2022,TRUE,TRUE
21-SS-HIP-6484,J22-0029,85,2,135,13-Feb-22,44.5085,-57.113,2022_Maturity,TRUE,9,2022,TRUE,TRUE
21-SS-HIP-6490,J22-0029,91,2,81,14-Feb-22,44.497,-57.16333,2022_Maturity,TRUE,9,2022,TRUE,TRUE
21-SS-HIP-6494,J22-0029,95,2,111,14-Feb-22,44.50217,-57.12383,2022_Maturity,TRUE,9,2022,TRUE,TRUE
21-SS-HIP-6544,J22-0029,145,1,96,20-Feb-22,44.34033,-53.11917,2022_Maturity,TRUE,9,2022,TRUE,TRUE
22-SS-HIP-0976,J22-0180,4,2,135,21-Oct-22,43.2485,-64.124,2022_Maturity,TRUE,9,2022,TRUE,TRUE
22-SS-HIP-0983,J22-0180,11,2,133,21-Oct-22,43.2485,-64.124,2022_Maturity,TRUE,9,2022,TRUE,TRUE
22-SS-HIP-0996,J22-0180,24,2,92,21-Oct-22,43.25883,-64.17183,2022_Maturity,TRUE,9,2022,TRUE,TRUE
22-SS-HIP-1000,J22-0180,28,2,99,21-Oct-22,43.25883,-64.17183,2022_Maturity,TRUE,9,2022,TRUE,TRUE
22-SS-HIP-1004,J22-0180,32,2,93,21-Oct-22,43.25883,-64.17183,2022_Maturity,TRUE,9,2022,TRUE,TRUE
22-SS-HIP-1025,J22-0180,64,2,110,22-Oct-22,43.27333,-64.1675,2022_Maturity,TRUE,9,2022,TRUE,TRUE
22-SS-HIP-1034,J22-0180,79,1,74,22-Oct-22,43.26333,-64.12017,2022_Maturity,TRUE,9,2022,TRUE,TRUE
22-SS-HIP-1045,J22-0180,103,1,105,22-Oct-22,43.26333,-64.12017,2022_Maturity,TRUE,9,2022,TRUE,TRUE
22-SS-HIP-1380,J22-0177,85,1,108,20-Oct-22,44.96033,-54.65383,2022_Maturity,TRUE,9,2022,TRUE,TRUE
22-SS-HIP-1381,J22-0177,86,2,114,20-Oct-22,44.96033,-54.65383,2022_Maturity,TRUE,9,2022,TRUE,TRUE
22-SS-HIP-1384,J22-0177,89,2,125,20-Oct-22,44.96033,-54.65383,2022_Maturity,TRUE,9,2022,TRUE,TRUE
22-SS-HIP-1397,J22-0177,103,1,98,22-Oct-22,44.78533,-55.551,2022_Maturity,TRUE,9,2022,TRUE,TRUE
22-SS-HIP-1399,J22-0177,105,2,108,22-Oct-22,44.78533,-55.551,2022_Maturity,TRUE,9,2022,TRUE,TRUE
22-SS-HIP-1400,J22-0177,102,2,108,22-Oct-22,44.78533,-55.551,2022_Maturity,TRUE,9,2022,TRUE,TRUE
22-SS-HIP-1407,J22-0177,112,1,103,22-Oct-22,44.77417,-55.64533,2022_Maturity,TRUE,9,2022,TRUE,TRUE
22-SS-HIP-1410,J22-0177,115,2,112,22-Oct-22,44.77417,-55.64533,2022_Maturity,TRUE,9,2022,TRUE,TRUE
22-SS-HIP-1411,J22-0177,116,2,115,22-Oct-22,44.77417,-55.64533,2022_Maturity,TRUE,9,2022,TRUE,TRUE
22-SS-HIP-1417,J22-0177,122,2,123,23-Oct-22,44.86767,-55.43917,2022_Maturity,TRUE,9,2022,TRUE,TRUE
22-SS-HIP-1418,J22-0177,123,2,118,23-Oct-22,44.86767,-55.43917,2022_Maturity,TRUE,9,2022,TRUE,TRUE
22-SS-HIP-1420,J22-0177,125,2,113,23-Oct-22,44.941,-55.46833,2022_Maturity,TRUE,9,2022,TRUE,TRUE
22-SS-HIP-1425,J22-0177,130,1,92,23-Oct-22,44.941,-55.46833,2022_Maturity,TRUE,9,2022,TRUE,TRUE
22-SS-HIP-1434,J22-0177,139,1,103,23-Oct-22,45.00017,-55.407,2022_Maturity,TRUE,9,2022,TRUE,TRUE
22-SS-HIP-1437,J22-0177,142,2,117,24-Oct-22,44.91333,-55.44383,2022_Maturity,TRUE,9,2022,TRUE,TRUE
22-SS-HIP-1448,J22-0177,153,2,139,24-Oct-22,44.822,-55.58033,2022_Maturity,TRUE,9,2022,TRUE,TRUE
22-SS-HIP-1457,J22-0177,162,1,109,24-Oct-22,44.78533,-55.56967,2022_Maturity,TRUE,9,2022,TRUE,TRUE
22-SS-HIP-1705,J22-0177,4,2,92,16-Oct-22,44.74983,-55.69133,2022_Maturity,TRUE,9,2022,TRUE,TRUE
22-SS-HIP-1707,J22-0177,6,1,78,16-Oct-22,44.74983,-55.69133,2022_Maturity,TRUE,9,2022,TRUE,TRUE
22-SS-HIP-1711,J22-0177,10,2,117,16-Oct-22,44.74983,-55.69133,2022_Maturity,TRUE,9,2022,TRUE,TRUE
22-SS-HIP-1733,J22-0177,32,1,101,17-Oct-22,44.8245,-55.57183,2022_Maturity,TRUE,9,2022,TRUE,TRUE
22-SS-HIP-1745,J22-0177,44,2,116,17-Oct-22,44.87267,-55.427,2022_Maturity,TRUE,9,2022,TRUE,TRUE
22-SS-HIP-1754,J22-0177,54,1,77,18-Oct-22,44.78783,-55.54017,2022_Maturity,TRUE,9,2022,TRUE,TRUE
22-SS-HIP-1961,J23-0031,18,2,124,29-Jan-23,42.08467,-65.57733,2022_Maturity,TRUE,9,2022,TRUE,TRUE
22-SS-HIP-1983,J23-0031,40,2,142,30-Jan-23,42.05433,-65.55867,2022_Maturity,TRUE,9,2022,TRUE,TRUE
22-SS-HIP-1994,J23-0031,51,1,104,31-Jan-23,42.0475,-65.54017,2022_Maturity,TRUE,9,2022,TRUE,TRUE
23-SS-HIP-0262,J23-0009,46,1,97,07-Mar-23,45.142,-54.44067,2023_FishMorphology_Port,TRUE,9,2023,TRUE,FALSE
23-SS-HIP-0008,VEN2023001,8,2,111,15-Feb-23,42.136,67.09,2023_WinterSpring_RVSurvey,FALSE,9,2023,TRUE,FALSE
LLNS18-3063,J18-0169A,214,1,116,NA,44.60617,-56.93833,2018_IndustryData,TRUE,10,2018,FALSE,FALSE
20-SS-HS-HYP-10,J20-0020A,122,2,111,05-Jun-20,44.33333,-57.58833,2020_HalibutSurvey,TRUE,10,2020,TRUE,TRUE
20-SS-HS-HYP-100,J20-0020A,313,2,123,06-Jun-20,44.41017,-57.2825,2020_HalibutSurvey,TRUE,10,2020,TRUE,TRUE
20-SS-HS-HYP-101,J20-0020A,315,2,118,06-Jun-20,44.41017,-57.2825,2020_HalibutSurvey,TRUE,10,2020,TRUE,TRUE
20-SS-HS-HYP-1157,J20-0020B,NA,1,116,07-Jul-20,42.8675,-50.142,2020_HalibutSurvey,TRUE,10,2020,TRUE,TRUE
20-SS-HS-HYP-1176,J20-0020B,NA,1,102,07-Jul-20,42.87967,-50.14933,2020_HalibutSurvey,TRUE,10,2020,TRUE,TRUE
20-SS-HS-HYP-13,J20-0020A,134,2,122,05-Jun-20,44.33417,-57.50967,2020_HalibutSurvey,TRUE,10,2020,TRUE,TRUE
20-SS-HS-HYP-152,J20-0020A,440,2,149,07-Jun-20,44.66033,-56.9395,2020_HalibutSurvey,TRUE,10,2020,TRUE,TRUE
20-SS-HS-HYP-164,J20-0020A,460,1,94,08-Jun-20,44.67283,-56.89533,2020_HalibutSurvey,TRUE,10,2020,TRUE,TRUE
20-SS-HS-HYP-178,J20-0020A,511,1,117,08-Jun-20,44.702,-56.86817,2020_HalibutSurvey,TRUE,10,2020,TRUE,TRUE
20-SS-HS-HYP-188,J20-0020A,525,2,112,08-Jun-20,44.702,-56.86817,2020_HalibutSurvey,TRUE,10,2020,TRUE,TRUE
20-SS-HS-HYP-199,J20-0020A,542,2,132,09-Jun-20,44.5495,-56.8325,2020_HalibutSurvey,TRUE,10,2020,TRUE,TRUE
20-SS-HS-HYP-2,J20-0020A,105,2,97,04-Jun-20,44.31417,-57.586,2020_HalibutSurvey,TRUE,10,2020,TRUE,TRUE
20-SS-HS-HYP-204,J20-0020A,549,1,112,09-Jun-20,44.5495,-56.8325,2020_HalibutSurvey,TRUE,10,2020,TRUE,TRUE
20-SS-HS-HYP-22,J20-0020A,158,2,113,05-Jun-20,44.33417,-57.50967,2020_HalibutSurvey,TRUE,10,2020,TRUE,TRUE
20-SS-HS-HYP-238,J20-0020A,637,2,139,10-Jun-20,44.6205,-56.51683,2020_HalibutSurvey,TRUE,10,2020,TRUE,TRUE
20-SS-HS-HYP-252,J20-0020A,655,2,154,10-Jun-20,44.58333,-56.63567,2020_HalibutSurvey,TRUE,10,2020,TRUE,TRUE
20-SS-HS-HYP-263,J20-0020A,668,1,89,11-Jun-20,44.39833,-57.377,2020_HalibutSurvey,TRUE,10,2020,TRUE,TRUE
20-SS-HS-HYP-266,J20-0020A,676,2,114,11-Jun-20,44.39833,-57.377,2020_HalibutSurvey,TRUE,10,2020,TRUE,TRUE
20-SS-HS-HYP-30,J20-0020A,175,2,98,05-Jun-20,44.35133,-57.50783,2020_HalibutSurvey,TRUE,10,2020,TRUE,TRUE
20-SS-HS-HYP-32,J20-0020A,178,2,122,05-Jun-20,44.35133,-57.50783,2020_HalibutSurvey,TRUE,10,2020,TRUE,TRUE
20-SS-HS-HYP-37,J20-0020A,185,2,81,05-Jun-20,44.35133,-57.50783,2020_HalibutSurvey,TRUE,10,2020,TRUE,TRUE
20-SS-HS-HYP-47,J20-0020A,199,1,98,05-Jun-20,44.37167,-57.47567,2020_HalibutSurvey,TRUE,10,2020,TRUE,TRUE
20-SS-HS-HYP-489,J20-0020B,NA,2,152,28-Jun-20,44.425,-51.7655,2020_HalibutSurvey,TRUE,10,2020,TRUE,TRUE
20-SS-HS-HYP-494,J20-0020B,NA,2,143,28-Jun-20,44.425,-51.7655,2020_HalibutSurvey,TRUE,10,2020,TRUE,TRUE
20-SS-HS-HYP-495,J20-0020B,NA,2,105,28-Jun-20,44.425,-51.7655,2020_HalibutSurvey,TRUE,10,2020,TRUE,TRUE
20-SS-HS-HYP-506,J20-0020B,NA,2,123,29-Jun-20,44.60717,-50.323,2020_HalibutSurvey,TRUE,10,2020,TRUE,TRUE
20-SS-HS-HYP-52,J20-0020A,204,1,94,05-Jun-20,44.38317,-57.453,2020_HalibutSurvey,TRUE,10,2020,TRUE,TRUE
20-SS-HS-HYP-524,J20-0020B,NA,2,123,29-Jun-20,44.47117,-50.259,2020_HalibutSurvey,TRUE,10,2020,TRUE,TRUE
20-SS-HS-HYP-526,J20-0020B,NA,2,122,29-Jun-20,44.4475,-50.24783,2020_HalibutSurvey,TRUE,10,2020,TRUE,TRUE
20-SS-HS-HYP-531,J20-0020B,NA,2,154,01-Jul-20,44.11367,-50.73867,2020_HalibutSurvey,TRUE,10,2020,TRUE,TRUE
20-SS-HS-HYP-536,J20-0020B,NA,1,108,01-Jul-20,44.11367,-50.73867,2020_HalibutSurvey,TRUE,10,2020,TRUE,TRUE
20-SS-HS-HYP-541,J20-0020B,NA,2,98,04-Jul-20,42.91233,-50.71783,2020_HalibutSurvey,TRUE,10,2020,TRUE,TRUE
20-SS-HS-HYP-544,J20-0020B,NA,1,118,04-Jul-20,42.91233,-50.71783,2020_HalibutSurvey,TRUE,10,2020,TRUE,TRUE
20-SS-HS-HYP-552,J20-0020B,NA,2,115,04-Jul-20,42.91233,-50.71783,2020_HalibutSurvey,TRUE,10,2020,TRUE,TRUE
20-SS-HS-HYP-56,J20-0020A,208,2,130,05-Jun-20,44.38317,-57.453,2020_HalibutSurvey,TRUE,10,2020,TRUE,TRUE
20-SS-HS-HYP-565,J20-0020B,NA,2,116,04-Jul-20,42.91667,-50.73117,2020_HalibutSurvey,TRUE,10,2020,TRUE,TRUE
20-SS-HS-HYP-568,J20-0020B,NA,1,83,04-Jul-20,42.8825,-50.65283,2020_HalibutSurvey,TRUE,10,2020,TRUE,TRUE
20-SS-HS-HYP-57,J20-0020A,209,1,100,05-Jun-20,44.38317,-57.453,2020_HalibutSurvey,TRUE,10,2020,TRUE,TRUE
20-SS-HS-HYP-584,J20-0020B,NA,2,133,04-Jul-20,42.8825,-50.65283,2020_HalibutSurvey,TRUE,10,2020,TRUE,TRUE
20-SS-HS-HYP-592,J20-0020B,NA,1,93,04-Jul-20,42.8745,-50.632,2020_HalibutSurvey,TRUE,10,2020,TRUE,TRUE
20-SS-HS-HYP-595,J20-0020B,NA,2,116,04-Jul-20,42.8745,-50.632,2020_HalibutSurvey,TRUE,10,2020,TRUE,TRUE
20-SS-HS-HYP-604,J20-0020B,NA,1,119,05-Jul-20,42.88283,-50.5465,2020_HalibutSurvey,TRUE,10,2020,TRUE,TRUE
20-SS-HS-HYP-635,J20-0020B,NA,1,106,05-Jul-20,42.85533,-50.5645,2020_HalibutSurvey,TRUE,10,2020,TRUE,TRUE
20-SS-HS-HYP-636,J20-0020B,NA,2,100,05-Jul-20,42.83333,-50.54033,2020_HalibutSurvey,TRUE,10,2020,TRUE,TRUE
20-SS-HS-HYP-645,J20-0020B,NA,1,120,05-Jul-20,42.83333,-50.54033,2020_HalibutSurvey,TRUE,10,2020,TRUE,TRUE
20-SS-HS-HYP-71,J20-0020A,231,1,93,06-Jun-20,44.395,-57.3825,2020_HalibutSurvey,TRUE,10,2020,TRUE,TRUE
20-SS-HS-HYP-757,J20-0020B,NA,2,128,05-Jul-20,42.842,-50.51517,2020_HalibutSurvey,TRUE,10,2020,TRUE,TRUE
20-SS-HS-HYP-76,J20-0020A,254,2,155,06-Jun-20,44.395,-57.3825,2020_HalibutSurvey,TRUE,10,2020,TRUE,TRUE
20-SS-HS-HYP-795,J20-0020B,NA,1,116,06-Jul-20,42.9,-50.625,2020_HalibutSurvey,TRUE,10,2020,TRUE,TRUE
20-SS-HS-HYP-84,J20-0020A,275,1,99,06-Jun-20,44.39783,-57.31867,2020_HalibutSurvey,TRUE,10,2020,TRUE,TRUE
20-SS-HS-HYP-93,J20-0020A,290,2,110,06-Jun-20,44.39783,-57.31867,2020_HalibutSurvey,TRUE,10,2020,TRUE,TRUE
21-SS-HIP-3403,J21-0129,5,2,125,11-Jul-21,42.27817,-65.92833,2021_HalibutSurvey,TRUE,10,2021,TRUE,TRUE
21-SS-HIP-3776,J21-9007C,2,2,139,15-Jun-21,42.1205,-66.40933,2021_HalibutSurvey,TRUE,10,2021,TRUE,TRUE
21-SS-HIP-0339,J21-0004A,15,2,130,NA,42.92267,-50.8625,2021_HalSurvTagObs_HalibutSurvey,TRUE,10,2021,TRUE,TRUE
21-SS-HIP-1296,J21-0004A,854,2,135,NA,44.33683,-57.60283,2021_HalSurvTagObs_HalibutSurvey,TRUE,10,2021,TRUE,TRUE
21-SS-HIP-1301,J21-0004B,304,1,115,NA,43.54717,-52.04833,2021_HalSurvTagObs_HalibutSurvey,TRUE,10,2021,TRUE,TRUE
21-SS-HIP-1306,J21-0004B,310,2,146,NA,43.54717,-52.04833,2021_HalSurvTagObs_HalibutSurvey,TRUE,10,2021,TRUE,TRUE
21-SS-HIP-1353,J21-0004B,377,2,102,NA,42.89933,-50.69283,2021_HalSurvTagObs_HalibutSurvey,TRUE,10,2021,TRUE,TRUE
21-SS-HIP-1710,J21-0006A,157,2,115,19-Jun-21,44.34717,-53.14683,2021_HalSurvTagObs_HalibutSurvey,TRUE,10,2021,TRUE,TRUE
21-SS-HIP-1818,J21-0006B,61,2,138,09-Jul-21,44.85467,-52.08583,2021_HalSurvTagObs_HalibutSurvey,TRUE,10,2021,TRUE,TRUE
21-SS-HIP-1984,J21-0006B,293,2,99,21-Jul-21,43.557,-49.203,2021_HalSurvTagObs_HalibutSurvey,TRUE,10,2021,TRUE,TRUE
21-SS-HIP-2166,J21-0004B,259,2,121,NA,43.7505,-52.3985,2021_HalSurvTagObs_HalibutSurvey,TRUE,10,2021,TRUE,TRUE
21-SS-HIP-3267,J21-0120,34,1,98,02-Jun-21,43.50417,-64.5,2021_HalSurvTagObs_HalibutSurvey,TRUE,10,2021,TRUE,TRUE
21-SS-HIP-4864,J21-0123,25,1,95,19-Jun-21,43.36817,-62.7215,2021_HalSurvTagObs_HalibutSurvey,TRUE,10,2021,TRUE,TRUE
21-SS-HIP-2929,J22-9011,69,2,150,11-Jun-22,42.76667,-62.95,2022_FishMorphology_Port,TRUE,10,2022,TRUE,FALSE
22-SS-HIP-0684,J22-9020,35,1,108,03-Jul-22,45.66,-58.21,2022_FishMorphology_Port,TRUE,10,2022,TRUE,TRUE
21-SS-HIP-3026,J22-0190,190,1,91,05-Dec-22,44.94267,-54.61917,2022_Maturity,TRUE,10,2022,TRUE,FALSE
21-SS-HIP-3028,J22-0190,192,1,84,05-Dec-22,44.94267,-54.61917,2022_Maturity,TRUE,10,2022,TRUE,FALSE
21-SS-HIP-3029,J22-0190,193,1,94,05-Dec-22,44.94267,-54.61917,2022_Maturity,TRUE,10,2022,TRUE,FALSE
21-SS-HIP-3091,J22-0187,94,2,145,03-Dec-22,44.564,-57.03467,2022_Maturity,TRUE,10,2022,TRUE,TRUE
21-SS-HIP-3107,J22-0187,110,2,100,04-Dec-22,44.576,-57.12317,2022_Maturity,TRUE,10,2022,TRUE,TRUE
21-SS-HIP-3123,J22-0187,126,1,118,06-Dec-22,44.5525,-56.92567,2022_Maturity,TRUE,10,2022,TRUE,TRUE
21-SS-HIP-3124,J22-0187,127,2,98,06-Dec-22,44.5525,-56.92567,2022_Maturity,TRUE,10,2022,TRUE,TRUE
21-SS-HIP-3131,J22-0187,134,1,115,06-Dec-22,44.528,-56.789,2022_Maturity,TRUE,10,2022,TRUE,TRUE
21-SS-HIP-3151,J22-0187,155,2,111,07-Dec-22,44.59867,-56.74067,2022_Maturity,TRUE,10,2022,TRUE,TRUE
21-SS-HIP-4231,J23-0004,22,1,85,23-Jan-23,44.34433,-53.38467,2022_Maturity,TRUE,10,2022,TRUE,FALSE
21-SS-HIP-4242,J23-0004,31,2,116,23-Jan-23,44.34433,-53.38467,2022_Maturity,TRUE,10,2022,TRUE,FALSE
21-SS-HIP-4273,J23-0004,93,1,85,24-Jan-23,44.3835,-53.395,2022_Maturity,TRUE,10,2022,TRUE,TRUE
21-SS-HIP-4277,J23-0004,117,2,137,24-Jan-23,44.3835,-53.395,2022_Maturity,TRUE,10,2022,TRUE,TRUE
21-SS-HIP-4788,J22-0187,9,1,89,23-Nov-22,43.43483,-60.05067,2022_Maturity,TRUE,10,2022,TRUE,TRUE
21-SS-HIP-4798,J22-0187,19,2,124,23-Nov-22,43.48067,-59.89083,2022_Maturity,TRUE,10,2022,TRUE,TRUE
21-SS-HIP-4838,J22-0187,59,2,136,30-Nov-22,43.54267,-59.82033,2022_Maturity,TRUE,10,2022,TRUE,TRUE
21-SS-HIP-4839,J22-0187,60,2,146,30-Nov-22,43.54267,-59.82033,2022_Maturity,TRUE,10,2022,TRUE,TRUE
21-SS-HIP-4848,J22-0187,69,1,102,02-Dec-22,44.5845,-56.86217,2022_Maturity,TRUE,10,2022,TRUE,TRUE
21-SS-HIP-5333,J22-0190,131,2,141,03-Dec-22,44.79733,-55.52417,2022_Maturity,TRUE,10,2022,TRUE,TRUE
21-SS-HIP-5340,J22-0190,141,2,128,04-Dec-22,45.093,-54.27517,2022_Maturity,TRUE,10,2022,TRUE,TRUE
21-SS-HIP-5350,J23-0004,185,1,95,25-Jan-23,44.31083,-53.14833,2022_Maturity,TRUE,10,2022,TRUE,TRUE
21-SS-HIP-5354,J23-0004,212,2,106,26-Jan-23,44.3035,-53.0935,2022_Maturity,TRUE,10,2022,TRUE,TRUE
21-SS-HIP-5393,J23-0004,379,2,121,28-Jan-23,44.06333,-52.88217,2022_Maturity,TRUE,10,2022,TRUE,TRUE
21-SS-HIP-6320,J22-0029,2,1,98,07-Feb-22,44.6275,-56.90933,2022_Maturity,TRUE,10,2022,TRUE,TRUE
21-SS-HIP-6329,J22-0029,11,2,97,08-Feb-22,44.49317,-57.16583,2022_Maturity,TRUE,10,2022,TRUE,TRUE
21-SS-HIP-6383,J22-0029,65,2,134,12-Feb-22,44.494,-57.22733,2022_Maturity,TRUE,10,2022,TRUE,TRUE
22-SS-HIP-0975,J22-0180,3,2,132,21-Oct-22,43.2485,-64.124,2022_Maturity,TRUE,10,2022,TRUE,TRUE
22-SS-HIP-0998,J22-0180,26,2,112,21-Oct-22,43.25883,-64.17183,2022_Maturity,TRUE,10,2022,TRUE,TRUE
22-SS-HIP-1379,J22-0177,84,1,98,20-Oct-22,44.96033,-54.65383,2022_Maturity,TRUE,10,2022,TRUE,TRUE
22-SS-HIP-1388,J22-0177,93,2,139,20-Oct-22,44.9235,-54.615,2022_Maturity,TRUE,10,2022,TRUE,TRUE
22-SS-HIP-1389,J22-0177,94,2,151,20-Oct-22,44.9235,-54.615,2022_Maturity,TRUE,10,2022,TRUE,TRUE
22-SS-HIP-1395,J22-0177,100,1,79,21-Oct-22,44.91933,-55.427,2022_Maturity,TRUE,10,2022,TRUE,TRUE
22-SS-HIP-1406,J22-0177,111,1,104,22-Oct-22,44.77417,-55.64533,2022_Maturity,TRUE,10,2022,TRUE,TRUE
22-SS-HIP-1408,J22-0177,113,1,83,22-Oct-22,44.77417,-55.64533,2022_Maturity,TRUE,10,2022,TRUE,TRUE
22-SS-HIP-1421,J22-0177,126,2,127,23-Oct-22,44.941,-55.46833,2022_Maturity,TRUE,10,2022,TRUE,TRUE
22-SS-HIP-1423,J22-0177,128,1,85,23-Oct-22,44.941,-55.46833,2022_Maturity,TRUE,10,2022,TRUE,TRUE
22-SS-HIP-1430,J22-0177,135,2,123,23-Oct-22,44.9835,-55.4975,2022_Maturity,TRUE,10,2022,TRUE,TRUE
22-SS-HIP-1436,J22-0177,141,1,91,23-Oct-22,45.00017,-55.407,2022_Maturity,TRUE,10,2022,TRUE,TRUE
22-SS-HIP-1439,J22-0177,144,2,130,24-Oct-22,44.91333,-55.44383,2022_Maturity,TRUE,10,2022,TRUE,TRUE
22-SS-HIP-1458,J22-0177,163,2,155,24-Oct-22,44.78533,-55.56967,2022_Maturity,TRUE,10,2022,TRUE,TRUE
22-SS-HIP-1742,J22-0177,41,2,120,17-Oct-22,44.7735,-55.584,2022_Maturity,TRUE,10,2022,TRUE,TRUE
22-SS-HIP-1752,J22-0177,52,2,125,18-Oct-22,44.78783,-55.54017,2022_Maturity,TRUE,10,2022,TRUE,TRUE
22-SS-HIP-1759,J22-0177,59,2,110,18-Oct-22,44.91167,-55.32483,2022_Maturity,TRUE,10,2022,TRUE,TRUE
22-SS-HIP-1769,J22-0177,69,1,107,19-Oct-22,44.82517,-55.56083,2022_Maturity,TRUE,10,2022,TRUE,TRUE
22-SS-HIP-1780,J22-0177,80,2,124,19-Oct-22,44.756,-55.72083,2022_Maturity,TRUE,10,2022,TRUE,TRUE
22-SS-HIP-1781,J22-0177,81,2,107,19-Oct-22,44.756,-55.72083,2022_Maturity,TRUE,10,2022,TRUE,TRUE
22-SS-HIP-1968,J23-0031,25,2,134,29-Jan-23,42.0595,-65.56117,2022_Maturity,TRUE,10,2022,TRUE,TRUE
22-SS-HIP-1971,J23-0031,28,1,98,29-Jan-23,42.0595,-65.56117,2022_Maturity,TRUE,10,2022,TRUE,TRUE
22-SS-HIP-1996,J23-0031,53,2,147,31-Jan-23,42.0475,-65.54017,2022_Maturity,TRUE,10,2022,TRUE,TRUE
22-SS-HIP-2006,J23-0031,63,2,117,31-Jan-23,42.04483,-65.54283,2022_Maturity,TRUE,10,2022,TRUE,TRUE
LLNS18-4083,J18-0213,20,2,160,10-Aug-18,43.319,-65.39517,NA,TRUE,10,2018,FALSE,FALSE
20-SS-HS-HYP-112,J20-0020A,335,2,140,06-Jun-20,44.41017,-57.2825,2020_HalibutSurvey,TRUE,11,2020,TRUE,TRUE
20-SS-HS-HYP-115,J20-0020A,341,1,99,06-Jun-20,44.44617,-57.24117,2020_HalibutSurvey,TRUE,11,2020,TRUE,TRUE
20-SS-HS-HYP-1211,J20-0020B,NA,1,114,07-Jul-20,42.88617,-50.14617,2020_HalibutSurvey,TRUE,11,2020,TRUE,TRUE
20-SS-HS-HYP-130,J20-0020A,364,1,120,06-Jun-20,44.42833,-57.26867,2020_HalibutSurvey,TRUE,11,2020,TRUE,TRUE
20-SS-HS-HYP-151,J20-0020A,439,2,152,07-Jun-20,44.66033,-56.9395,2020_HalibutSurvey,TRUE,11,2020,TRUE,TRUE
20-SS-HS-HYP-155,J20-0020A,444,1,99,07-Jun-20,44.66033,-56.9395,2020_HalibutSurvey,TRUE,11,2020,TRUE,TRUE
20-SS-HS-HYP-1565,J20-0251B,948,2,143,31-Jul-20,44.83,-54.37733,2020_HalibutSurvey,TRUE,11,2020,TRUE,TRUE
20-SS-HS-HYP-158,J20-0020A,449,2,120,08-Jun-20,44.67283,-56.89533,2020_HalibutSurvey,TRUE,11,2020,TRUE,TRUE
20-SS-HS-HYP-169,J20-0020A,479,1,103,08-Jun-20,44.7245,-56.887,2020_HalibutSurvey,TRUE,11,2020,TRUE,TRUE
20-SS-HS-HYP-171,J20-0020A,481,1,112,08-Jun-20,44.7245,-56.887,2020_HalibutSurvey,TRUE,11,2020,TRUE,TRUE
20-SS-HS-HYP-189,J20-0020A,526,2,121,09-Jun-20,44.69183,-56.92067,2020_HalibutSurvey,TRUE,11,2020,TRUE,TRUE
20-SS-HS-HYP-193,J20-0020A,530,1,96,09-Jun-20,44.69183,-56.92067,2020_HalibutSurvey,TRUE,11,2020,TRUE,TRUE
20-SS-HS-HYP-213,J20-0020A,600,2,156,10-Jun-20,44.62617,-56.48983,2020_HalibutSurvey,TRUE,11,2020,TRUE,TRUE
20-SS-HS-HYP-214,J20-0020A,601,1,102,10-Jun-20,44.62617,-56.48983,2020_HalibutSurvey,TRUE,11,2020,TRUE,TRUE
20-SS-HS-HYP-217,J20-0020A,607,2,152,10-Jun-20,44.62617,-56.48983,2020_HalibutSurvey,TRUE,11,2020,TRUE,TRUE
20-SS-HS-HYP-228,J20-0020A,622,2,141,10-Jun-20,44.63083,-56.4545,2020_HalibutSurvey,TRUE,11,2020,TRUE,TRUE
20-SS-HS-HYP-235,J20-0020A,631,2,157,10-Jun-20,44.63083,-56.4545,2020_HalibutSurvey,TRUE,11,2020,TRUE,TRUE
20-SS-HS-HYP-243,J20-0020A,642,2,134,10-Jun-20,44.6205,-56.51683,2020_HalibutSurvey,TRUE,11,2020,TRUE,TRUE
20-SS-HS-HYP-256,J20-0020A,660,2,142,10-Jun-20,44.58333,-56.63567,2020_HalibutSurvey,TRUE,11,2020,TRUE,TRUE
20-SS-HS-HYP-29,J20-0020A,174,1,93,05-Jun-20,44.35133,-57.50783,2020_HalibutSurvey,TRUE,11,2020,TRUE,TRUE
20-SS-HS-HYP-31,J20-0020A,176,2,108,05-Jun-20,44.35133,-57.50783,2020_HalibutSurvey,TRUE,11,2020,TRUE,TRUE
20-SS-HS-HYP-501,J20-0020B,NA,2,129,29-Jun-20,44.60717,-50.323,2020_HalibutSurvey,TRUE,11,2020,TRUE,TRUE
20-SS-HS-HYP-504,J20-0020B,NA,1,130,29-Jun-20,44.60717,-50.323,2020_HalibutSurvey,TRUE,11,2020,TRUE,TRUE
20-SS-HS-HYP-507,J20-0020B,NA,2,146,29-Jun-20,44.512,-50.36967,2020_HalibutSurvey,TRUE,11,2020,TRUE,TRUE
20-SS-HS-HYP-511,J20-0020B,NA,1,129,29-Jun-20,44.512,-50.36967,2020_HalibutSurvey,TRUE,11,2020,TRUE,TRUE
20-SS-HS-HYP-515,J20-0020B,NA,2,165,29-Jun-20,44.512,-50.36967,2020_HalibutSurvey,TRUE,11,2020,TRUE,TRUE
20-SS-HS-HYP-516,J20-0020B,NA,2,117,29-Jun-20,44.512,-50.36967,2020_HalibutSurvey,TRUE,11,2020,TRUE,TRUE
20-SS-HS-HYP-519,J20-0020B,NA,2,130,29-Jun-20,44.47117,-50.259,2020_HalibutSurvey,TRUE,11,2020,TRUE,TRUE
20-SS-HS-HYP-553,J20-0020B,NA,2,132,04-Jul-20,42.91233,-50.71783,2020_HalibutSurvey,TRUE,11,2020,TRUE,TRUE
20-SS-HS-HYP-577,J20-0020B,NA,2,115,04-Jul-20,42.8825,-50.65283,2020_HalibutSurvey,TRUE,11,2020,TRUE,TRUE
20-SS-HS-HYP-585,J20-0020B,NA,2,140,04-Jul-20,42.8825,-50.65283,2020_HalibutSurvey,TRUE,11,2020,TRUE,TRUE
20-SS-HS-HYP-588,J20-0020B,NA,2,128,04-Jul-20,42.8825,-50.65283,2020_HalibutSurvey,TRUE,11,2020,TRUE,TRUE
20-SS-HS-HYP-6,J20-0020A,109,1,87,05-Jun-20,44.33333,-57.58833,2020_HalibutSurvey,TRUE,11,2020,TRUE,TRUE
20-SS-HS-HYP-609,J20-0020B,NA,2,142,05-Jul-20,42.88283,-50.5465,2020_HalibutSurvey,TRUE,11,2020,TRUE,TRUE
20-SS-HS-HYP-64,J20-0020A,220,1,96,06-Jun-20,44.395,-57.3825,2020_HalibutSurvey,TRUE,11,2020,TRUE,TRUE
20-SS-HS-HYP-642,J20-0020B,NA,1,108,05-Jul-20,42.83333,-50.54033,2020_HalibutSurvey,TRUE,11,2020,TRUE,TRUE
20-SS-HS-HYP-67,J20-0020A,225,2,141,06-Jun-20,44.395,-57.3825,2020_HalibutSurvey,TRUE,11,2020,TRUE,TRUE
20-SS-HS-HYP-70,J20-0020A,230,2,99,06-Jun-20,44.395,-57.3825,2020_HalibutSurvey,TRUE,11,2020,TRUE,TRUE
20-SS-HS-HYP-77,J20-0020A,260,2,132,06-Jun-20,44.395,-57.3825,2020_HalibutSurvey,TRUE,11,2020,TRUE,TRUE
20-SS-HS-HYP-82,J20-0020A,272,2,145,06-Jun-20,44.37617,-57.38783,2020_HalibutSurvey,TRUE,11,2020,TRUE,TRUE
20-SS-HS-HYP-83,J20-0020A,273,2,128,06-Jun-20,44.37617,-57.38783,2020_HalibutSurvey,TRUE,11,2020,TRUE,TRUE
20-SS-HS-HYP-95,J20-0020A,296,2,134,06-Jun-20,44.39783,-57.31867,2020_HalibutSurvey,TRUE,11,2020,TRUE,TRUE
20-SS-HS-HYP-97,J20-0020A,310,2,103,06-Jun-20,44.39783,-57.31867,2020_HalibutSurvey,TRUE,11,2020,TRUE,TRUE
21-SS-HIP-3783,J21-9007C,10,2,181,15-Jun-21,42.1205,-66.40933,2021_HalibutSurvey,TRUE,11,2021,TRUE,TRUE
21-SS-HIP-0441,J21-0006A,66,1,108,15-Jun-21,45.0795,-55.13017,2021_HalSurvTagObs_HalibutSurvey,TRUE,11,2021,TRUE,TRUE
21-SS-HIP-1352,J21-0004B,376,1,97,NA,42.89933,-50.69283,2021_HalSurvTagObs_HalibutSurvey,TRUE,11,2021,TRUE,TRUE
21-SS-HIP-1542,J21-0004B,13,2,137,NA,44.67617,-56.91467,2021_HalSurvTagObs_HalibutSurvey,TRUE,11,2021,TRUE,TRUE
21-SS-HIP-1750,J21-0006A,235,1,102,21-Jun-21,45.00433,-54.75317,2021_HalSurvTagObs_HalibutSurvey,TRUE,11,2021,TRUE,FALSE
21-SS-HIP-1843,J21-0006B,111,1,130,16-Jul-21,45.49833,-48.66583,2021_HalSurvTagObs_HalibutSurvey,TRUE,11,2021,TRUE,TRUE
21-SS-HIP-2121,J21-0004B,168,2,129,NA,43.72117,-52.36633,2021_HalSurvTagObs_HalibutSurvey,TRUE,11,2021,TRUE,TRUE
21-SS-HIP-3317,J21-0120,113,1,99,05-Jun-21,42.921,-65.47333,2021_HalSurvTagObs_HalibutSurvey,TRUE,11,2021,TRUE,TRUE
22-SS-HIP-3171,J22-0017A,298,2,116,06-Jun-22,44.67367,-57.19817,2022_HalSurvTagObs_HalibutSurvey,TRUE,11,2022,TRUE,TRUE
21-SS-HIP-262,J22-0180,156,2,92,23-Oct-22,43.24517,-64.15367,2022_Maturity,TRUE,11,2022,TRUE,TRUE
21-SS-HIP-3049,J22-0190,210,2,132,06-Dec-22,44.37117,-53.42383,2022_Maturity,TRUE,11,2022,TRUE,TRUE
21-SS-HIP-3052,J22-0190,213,2,129,06-Dec-22,44.36283,-53.31233,2022_Maturity,TRUE,11,2022,TRUE,TRUE
21-SS-HIP-3056,J22-0190,216,2,107,07-Dec-22,44.3505,-53.26383,2022_Maturity,TRUE,11,2022,TRUE,TRUE
21-SS-HIP-3136,J22-0187,139,1,111,07-Dec-22,44.55783,-56.79283,2022_Maturity,TRUE,11,2022,TRUE,TRUE
21-SS-HIP-4215,J23-0004,2,2,106,23-Jan-23,44.382,-53.40467,2022_Maturity,TRUE,11,2022,TRUE,TRUE
21-SS-HIP-4220,J23-0004,9,1,98,23-Jan-23,44.382,-53.40467,2022_Maturity,TRUE,11,2022,TRUE,TRUE
21-SS-HIP-4228,J23-0004,19,2,98,23-Jan-23,44.34433,-53.38467,2022_Maturity,TRUE,11,2022,TRUE,TRUE
21-SS-HIP-4230,J23-0004,21,1,103,23-Jan-23,44.34433,-53.38467,2022_Maturity,TRUE,11,2022,TRUE,TRUE
21-SS-HIP-4278,J23-0004,120,2,170,24-Jan-23,44.3835,-53.395,2022_Maturity,TRUE,11,2022,TRUE,TRUE
21-SS-HIP-4791,J22-0187,12,2,148,23-Nov-22,43.44367,-60.05867,2022_Maturity,TRUE,11,2022,TRUE,TRUE
21-SS-HIP-4793,J22-0187,14,2,142,23-Nov-22,43.44367,-60.05867,2022_Maturity,TRUE,11,2022,TRUE,TRUE
21-SS-HIP-4795,J22-0187,16,1,91,23-Nov-22,43.48067,-59.89083,2022_Maturity,TRUE,11,2022,TRUE,TRUE
21-SS-HIP-4827,J22-0187,48,2,143,30-Nov-22,43.56617,-59.70333,2022_Maturity,TRUE,11,2022,TRUE,TRUE
21-SS-HIP-4843,J22-0187,64,1,98,02-Dec-22,44.57267,-56.952,2022_Maturity,TRUE,11,2022,TRUE,TRUE
21-SS-HIP-4849,J22-0187,70,2,128,02-Dec-22,44.5845,-56.86217,2022_Maturity,TRUE,11,2022,TRUE,TRUE
21-SS-HIP-5267,J22-0190,17,1,86,27-Nov-22,44.95717,-54.5675,2022_Maturity,FALSE,11,2022,TRUE,TRUE
21-SS-HIP-5271,J22-0190,21,1,85,27-Nov-22,44.95717,-54.5675,2022_Maturity,TRUE,11,2022,TRUE,TRUE
21-SS-HIP-5273,J22-0190,23,1,97,27-Nov-22,44.95717,-54.5675,2022_Maturity,TRUE,11,2022,TRUE,TRUE
21-SS-HIP-5289,J22-0190,72,2,111,29-Nov-22,44.91167,-55.43833,2022_Maturity,TRUE,11,2022,TRUE,TRUE
21-SS-HIP-6319,J22-0029,1,1,98,05-Feb-22,44.64083,-56.944,2022_Maturity,TRUE,11,2022,TRUE,TRUE
21-SS-HIP-6331,J22-0029,13,2,126,08-Feb-22,44.49317,-57.16583,2022_Maturity,TRUE,11,2022,TRUE,TRUE
21-SS-HIP-6334,J22-0029,16,2,137,08-Feb-22,44.49317,-57.16583,2022_Maturity,TRUE,11,2022,TRUE,TRUE
21-SS-HIP-6336,J22-0029,18,2,122,08-Feb-22,44.49317,-57.16583,2022_Maturity,TRUE,11,2022,TRUE,TRUE
21-SS-HIP-6353,J22-0029,35,2,116,11-Feb-22,44.50883,-57.108,2022_Maturity,TRUE,11,2022,TRUE,TRUE
21-SS-HIP-6362,J22-0029,44,2,118,11-Feb-22,44.49183,-57.1755,2022_Maturity,TRUE,11,2022,TRUE,TRUE
21-SS-HIP-6391,J22-0029,73,2,129,13-Feb-22,44.49817,-57.06267,2022_Maturity,TRUE,11,2022,TRUE,TRUE
21-SS-HIP-6499,J22-0029,100,2,87,16-Feb-22,44.38017,-53.42617,2022_Maturity,TRUE,11,2022,TRUE,TRUE
22-SS-HIP-0973,J22-0180,1,2,96,21-Oct-22,43.29333,-64.16383,2022_Maturity,TRUE,11,2022,TRUE,TRUE
22-SS-HIP-1023,J22-0180,57,2,88,22-Oct-22,43.27333,-64.1675,2022_Maturity,TRUE,11,2022,TRUE,TRUE
22-SS-HIP-1032,J22-0180,77,2,118,22-Oct-22,43.26333,-64.12017,2022_Maturity,TRUE,11,2022,TRUE,TRUE
22-SS-HIP-1396,J22-0177,101,2,140,22-Oct-22,44.82,-55.565,2022_Maturity,TRUE,11,2022,TRUE,TRUE
22-SS-HIP-1402,J22-0177,107,2,139,22-Oct-22,44.81367,-55.58683,2022_Maturity,TRUE,11,2022,TRUE,TRUE
22-SS-HIP-1405,J22-0177,110,2,114,22-Oct-22,44.81367,-55.58683,2022_Maturity,TRUE,11,2022,TRUE,TRUE
22-SS-HIP-1409,J22-0177,114,1,83,22-Oct-22,44.77417,-55.64533,2022_Maturity,TRUE,11,2022,TRUE,TRUE
22-SS-HIP-1412,J22-0177,117,2,117,22-Oct-22,44.77417,-55.64533,2022_Maturity,TRUE,11,2022,TRUE,TRUE
22-SS-HIP-1419,J22-0177,124,2,93,23-Oct-22,44.941,-55.46833,2022_Maturity,TRUE,11,2022,TRUE,TRUE
22-SS-HIP-1443,J22-0177,148,1,99,24-Oct-22,44.91333,-55.44383,2022_Maturity,TRUE,11,2022,TRUE,TRUE
22-SS-HIP-1445,J22-0177,150,1,90,24-Oct-22,44.91333,-55.44383,2022_Maturity,TRUE,11,2022,TRUE,TRUE
22-SS-HIP-1447,J22-0177,152,1,79,24-Oct-22,44.822,-55.58033,2022_Maturity,TRUE,11,2022,TRUE,TRUE
22-SS-HIP-1703,J22-0177,2,1,96,16-Oct-22,44.79483,-55.68733,2022_Maturity,TRUE,11,2022,TRUE,TRUE
22-SS-HIP-1710,J22-0177,9,2,130,16-Oct-22,44.74983,-55.69133,2022_Maturity,TRUE,11,2022,TRUE,TRUE
22-SS-HIP-1713,J22-0177,12,1,89,16-Oct-22,44.819,-55.572,2022_Maturity,TRUE,11,2022,TRUE,TRUE
22-SS-HIP-1716,J22-0177,15,1,78,16-Oct-22,44.819,-55.572,2022_Maturity,TRUE,11,2022,TRUE,TRUE
22-SS-HIP-1720,J22-0177,19,1,83,16-Oct-22,44.819,-55.572,2022_Maturity,TRUE,11,2022,TRUE,TRUE
22-SS-HIP-1729,J22-0177,28,1,88,17-Oct-22,44.786,-55.56583,2022_Maturity,TRUE,11,2022,TRUE,TRUE
22-SS-HIP-1749,J22-0177,49,2,136,18-Oct-22,44.8105,-55.595,2022_Maturity,TRUE,11,2022,TRUE,TRUE
22-SS-HIP-1750,J22-0177,50,1,78,18-Oct-22,44.78783,-55.54017,2022_Maturity,TRUE,11,2022,TRUE,TRUE
22-SS-HIP-1751,J22-0177,51,2,124,18-Oct-22,44.78783,-55.54017,2022_Maturity,TRUE,11,2022,TRUE,TRUE
22-SS-HIP-1761,J22-0177,61,2,126,18-Oct-22,44.91167,-55.32483,2022_Maturity,TRUE,11,2022,TRUE,TRUE
22-SS-HIP-1762,J22-0177,62,2,109,18-Oct-22,44.91167,-55.32483,2022_Maturity,TRUE,11,2022,TRUE,TRUE
22-SS-HIP-1763,J22-0177,63,2,136,18-Oct-22,44.95467,-55.37617,2022_Maturity,TRUE,11,2022,TRUE,TRUE
22-SS-HIP-1765,J22-0177,65,2,155,18-Oct-22,44.95467,-55.37617,2022_Maturity,TRUE,11,2022,TRUE,TRUE
22-SS-HIP-1774,J22-0177,74,2,96,19-Oct-22,44.775,-55.63883,2022_Maturity,TRUE,11,2022,TRUE,TRUE
22-SS-HIP-1776,J22-0177,76,2,150,19-Oct-22,44.775,-55.63883,2022_Maturity,TRUE,11,2022,TRUE,TRUE
22-SS-HIP-1777,J22-0177,77,2,154,19-Oct-22,44.756,-55.72083,2022_Maturity,TRUE,11,2022,TRUE,TRUE
22-SS-HIP-1946,J23-0031,2,1,103,28-Jan-23,42.07633,-65.57767,2022_Maturity,TRUE,11,2022,TRUE,TRUE
22-SS-HIP-1955,J23-0031,12,2,165,28-Jan-23,42.04883,-65.54317,2022_Maturity,TRUE,11,2022,TRUE,TRUE
22-SS-HIP-1960,J23-0031,17,1,120,29-Jan-23,42.08467,-65.57733,2022_Maturity,TRUE,11,2022,TRUE,TRUE
22-SS-HIP-1978,J23-0031,35,1,117,30-Jan-23,42.05433,-65.55867,2022_Maturity,TRUE,11,2022,TRUE,TRUE
22-SS-HIP-2000,J23-0031,57,1,103,31-Jan-23,42.04483,-65.54283,2022_Maturity,TRUE,11,2022,TRUE,TRUE
22-SS-HIP-2005,J23-0031,62,2,146,31-Jan-23,42.04483,-65.54283,2022_Maturity,TRUE,11,2022,TRUE,TRUE
22-SS-HIP-0330,TEL2022010,87,2,156,24-Jul-22,44.391,66.5715,2022_RVSurvey,FALSE,11,2022,TRUE,TRUE
22-SS-HIP-0331,TEL2022010,88,1,137,24-Jul-22,44.391,66.5715,2022_RVSurvey,FALSE,11,2022,TRUE,TRUE
18-SS-HIP-3117,J18-0169B,102298753,1,109,NA,44.0595,-52.40917,NA,TRUE,11,2018,FALSE,FALSE
20-SS-HS-HYP-105,J20-0020A,319,1,91,06-Jun-20,44.41017,-57.2825,2020_HalibutSurvey,TRUE,12,2020,TRUE,TRUE
20-SS-HS-HYP-113,J20-0020A,339,1,109,06-Jun-20,44.44617,-57.24117,2020_HalibutSurvey,TRUE,12,2020,TRUE,TRUE
20-SS-HS-HYP-127,J20-0020A,361,1,110,06-Jun-20,44.42833,-57.26867,2020_HalibutSurvey,TRUE,12,2020,TRUE,TRUE
20-SS-HS-HYP-135,J20-0020A,415,1,112,07-Jun-20,44.6535,-56.88833,2020_HalibutSurvey,TRUE,12,2020,TRUE,TRUE
20-SS-HS-HYP-153,J20-0020A,441,1,93,07-Jun-20,44.66033,-56.9395,2020_HalibutSurvey,TRUE,12,2020,TRUE,TRUE
20-SS-HS-HYP-165,J20-0020A,462,1,111,08-Jun-20,44.67283,-56.89533,2020_HalibutSurvey,TRUE,12,2020,TRUE,TRUE
20-SS-HS-HYP-21,J20-0020A,148,1,116,05-Jun-20,44.33417,-57.50967,2020_HalibutSurvey,TRUE,12,2020,TRUE,TRUE
20-SS-HS-HYP-211,J20-0020A,595,2,145,10-Jun-20,44.62617,-56.48983,2020_HalibutSurvey,TRUE,12,2020,TRUE,TRUE
20-SS-HS-HYP-215,J20-0020A,602,1,117,10-Jun-20,44.62617,-56.48983,2020_HalibutSurvey,TRUE,12,2020,TRUE,TRUE
20-SS-HS-HYP-218,J20-0020A,610,2,125,10-Jun-20,44.62617,-56.48983,2020_HalibutSurvey,TRUE,12,2020,TRUE,TRUE
20-SS-HS-HYP-224,J20-0020A,618,2,146,10-Jun-20,44.63883,-56.409,2020_HalibutSurvey,TRUE,12,2020,TRUE,TRUE
20-SS-HS-HYP-227,J20-0020A,621,1,90,10-Jun-20,44.63083,-56.4545,2020_HalibutSurvey,TRUE,12,2020,TRUE,TRUE
20-SS-HS-HYP-230,J20-0020A,624,2,150,10-Jun-20,44.63083,-56.4545,2020_HalibutSurvey,TRUE,12,2020,TRUE,TRUE
20-SS-HS-HYP-236,J20-0020A,633,2,130,10-Jun-20,44.63083,-56.4545,2020_HalibutSurvey,TRUE,12,2020,TRUE,TRUE
20-SS-HS-HYP-257,J20-0020A,661,2,129,10-Jun-20,44.58333,-56.63567,2020_HalibutSurvey,TRUE,12,2020,TRUE,TRUE
20-SS-HS-HYP-26,J20-0020A,169,2,147,05-Jun-20,44.33417,-57.50967,2020_HalibutSurvey,TRUE,12,2020,TRUE,TRUE
20-SS-HS-HYP-3,J20-0020A,106,1,128,04-Jun-20,44.31417,-57.586,2020_HalibutSurvey,TRUE,12,2020,TRUE,TRUE
20-SS-HS-HYP-34,J20-0020A,180,1,87,05-Jun-20,44.35133,-57.50783,2020_HalibutSurvey,TRUE,12,2020,TRUE,TRUE
20-SS-HS-HYP-4,J20-0020A,107,1,90,05-Jun-20,44.33333,-57.58833,2020_HalibutSurvey,TRUE,12,2020,TRUE,TRUE
20-SS-HS-HYP-40,J20-0020A,190,2,132,05-Jun-20,44.37167,-57.47567,2020_HalibutSurvey,TRUE,12,2020,TRUE,TRUE
20-SS-HS-HYP-493,J20-0020B,NA,2,157,28-Jun-20,44.425,-51.7655,2020_HalibutSurvey,TRUE,12,2020,TRUE,TRUE
20-SS-HS-HYP-498,J20-0020B,NA,1,137,28-Jun-20,44.425,-51.7655,2020_HalibutSurvey,TRUE,12,2020,TRUE,TRUE
20-SS-HS-HYP-502,J20-0020B,NA,2,135,29-Jun-20,44.60717,-50.323,2020_HalibutSurvey,TRUE,12,2020,TRUE,TRUE
20-SS-HS-HYP-503,J20-0020B,NA,2,119,29-Jun-20,44.60717,-50.323,2020_HalibutSurvey,TRUE,12,2020,TRUE,TRUE
20-SS-HS-HYP-510,J20-0020B,NA,2,133,29-Jun-20,44.512,-50.36967,2020_HalibutSurvey,TRUE,12,2020,TRUE,TRUE
20-SS-HS-HYP-517,J20-0020B,NA,2,128,29-Jun-20,44.512,-50.36967,2020_HalibutSurvey,TRUE,12,2020,TRUE,TRUE
20-SS-HS-HYP-525,J20-0020B,NA,2,167,29-Jun-20,44.4475,-50.24783,2020_HalibutSurvey,TRUE,12,2020,TRUE,TRUE
20-SS-HS-HYP-563,J20-0020B,NA,2,153,04-Jul-20,42.91667,-50.73117,2020_HalibutSurvey,TRUE,12,2020,TRUE,TRUE
20-SS-HS-HYP-572,J20-0020B,NA,1,94,04-Jul-20,42.8825,-50.65283,2020_HalibutSurvey,TRUE,12,2020,TRUE,TRUE
20-SS-HS-HYP-603,J20-0020B,NA,1,121,04-Jul-20,42.8745,-50.632,2020_HalibutSurvey,TRUE,12,2020,TRUE,TRUE
20-SS-HS-HYP-608,J20-0020B,NA,1,122,05-Jul-20,42.88283,-50.5465,2020_HalibutSurvey,TRUE,12,2020,TRUE,TRUE
20-SS-HS-HYP-610,J20-0020B,NA,1,115,05-Jul-20,42.88283,-50.5465,2020_HalibutSurvey,TRUE,12,2020,TRUE,TRUE
20-SS-HS-HYP-611,J20-0020B,NA,2,124,05-Jul-20,42.88283,-50.5465,2020_HalibutSurvey,TRUE,12,2020,TRUE,TRUE
20-SS-HS-HYP-612,J20-0020B,NA,2,110,05-Jul-20,42.88283,-50.5465,2020_HalibutSurvey,TRUE,12,2020,TRUE,TRUE
20-SS-HS-HYP-628,J20-0020B,NA,2,135,05-Jul-20,42.85533,-50.5645,2020_HalibutSurvey,TRUE,12,2020,TRUE,TRUE
20-SS-HS-HYP-641,J20-0020B,NA,1,114,05-Jul-20,42.83333,-50.54033,2020_HalibutSurvey,TRUE,12,2020,TRUE,TRUE
20-SS-HS-HYP-66,J20-0020A,223,1,108,06-Jun-20,44.395,-57.3825,2020_HalibutSurvey,TRUE,12,2020,TRUE,TRUE
20-SS-HS-HYP-73,J20-0020A,236,2,104,06-Jun-20,44.395,-57.3825,2020_HalibutSurvey,TRUE,12,2020,TRUE,TRUE
20-SS-HS-HYP-8,J20-0020A,115,1,93,05-Jun-20,44.33333,-57.58833,2020_HalibutSurvey,TRUE,12,2020,TRUE,TRUE
20-SS-HS-HYP-87,J20-0020A,278,2,130,06-Jun-20,44.39783,-57.31867,2020_HalibutSurvey,TRUE,12,2020,TRUE,TRUE
20-SS-HS-HYP-92,J20-0020A,287,1,110,06-Jun-20,44.39783,-57.31867,2020_HalibutSurvey,TRUE,12,2020,TRUE,TRUE
21-SS-HIP-3777,J21-9007C,3,2,159,15-Jun-21,42.1205,-66.40933,2021_HalibutSurvey,TRUE,12,2021,TRUE,TRUE
21-SS-HIP-0375,J21-0004A,71,2,158,NA,42.8985,-50.75583,2021_HalSurvTagObs_HalibutSurvey,TRUE,12,2021,TRUE,TRUE
21-SS-HIP-0433,J21-0006A,40,1,98,11-Jun-21,46.36733,-56.961,2021_HalSurvTagObs_HalibutSurvey,TRUE,12,2021,TRUE,TRUE
21-SS-HIP-1309,J21-0004B,314,1,105,NA,43.54717,-52.04833,2021_HalSurvTagObs_HalibutSurvey,TRUE,12,2021,TRUE,TRUE
21-SS-HIP-1367,J21-0004B,394,1,113,NA,42.86667,-50.589,2021_HalSurvTagObs_HalibutSurvey,TRUE,12,2021,TRUE,TRUE
21-SS-HIP-1372,J21-0004B,401,2,123,NA,42.86667,-50.589,2021_HalSurvTagObs_HalibutSurvey,TRUE,12,2021,TRUE,TRUE
21-SS-HIP-1590,J21-0004B,90,2,144,NA,43.68183,-52.23167,2021_HalSurvTagObs_HalibutSurvey,TRUE,12,2021,TRUE,TRUE
21-SS-HIP-4395,J21-0121,78,2,91,10-Jun-21,43.3295,-60.83117,2021_HalSurvTagObs_HalibutSurvey,TRUE,12,2021,TRUE,TRUE
22-SS-HIP-2310,J22-0017A,538,1,113,08-Jun-22,44.6915,-56.42217,2022_HalSurvTagObs_HalibutSurvey,TRUE,12,2022,TRUE,TRUE
22-SS-HIP-3917,J22-0093,168,2,151,26-Aug-22,44.9685,-54.64583,2022_HalSurvTagObs_HalibutSurvey,TRUE,12,2022,TRUE,TRUE
21-SS-HIP-3098,J22-0187,101,2,114,04-Dec-22,44.55817,-57.0445,2022_Maturity,TRUE,12,2022,TRUE,TRUE
21-SS-HIP-3114,J22-0187,117,2,177,05-Dec-22,44.52117,-56.74917,2022_Maturity,TRUE,12,2022,TRUE,TRUE
21-SS-HIP-3115,J22-0187,118,1,122,05-Dec-22,44.52117,-56.74917,2022_Maturity,TRUE,12,2022,TRUE,TRUE
21-SS-HIP-3120,J22-0187,123,2,162,05-Dec-22,44.52117,-56.74917,2022_Maturity,TRUE,12,2022,TRUE,TRUE
21-SS-HIP-3122,J22-0187,125,1,94,06-Dec-22,44.5525,-56.92567,2022_Maturity,TRUE,12,2022,TRUE,TRUE
21-SS-HIP-3132,J22-0187,135,2,117,06-Dec-22,44.528,-56.789,2022_Maturity,TRUE,12,2022,TRUE,TRUE
21-SS-HIP-4216,J23-0004,3,2,116,23-Jan-23,44.382,-53.40467,2022_Maturity,TRUE,12,2022,TRUE,TRUE
21-SS-HIP-4780,J22-0187,1,1,91,23-Nov-22,43.4155,-60.082,2022_Maturity,TRUE,12,2022,TRUE,TRUE
21-SS-HIP-4800,J22-0187,21,2,164,24-Nov-22,43.41433,-60.06367,2022_Maturity,TRUE,12,2022,TRUE,TRUE
21-SS-HIP-5290,J22-0190,73,2,136,29-Nov-22,44.91167,-55.43833,2022_Maturity,TRUE,12,2022,TRUE,TRUE
21-SS-HIP-6328,J22-0029,10,2,108,08-Feb-22,44.49317,-57.16583,2022_Maturity,TRUE,12,2022,TRUE,TRUE
21-SS-HIP-6506,J22-0029,107,2,154,18-Feb-22,44.366,-53.097,2022_Maturity,TRUE,12,2022,TRUE,TRUE
21-SS-HIP-6522,J22-0029,123,1,99,19-Feb-22,44.38083,-53.42667,2022_Maturity,TRUE,12,2022,TRUE,TRUE
21-SS-HIP-6523,J22-0029,124,1,100,19-Feb-22,44.36533,-53.42467,2022_Maturity,TRUE,12,2022,TRUE,TRUE
21-SS-HIP-6539,J22-0029,140,1,100,20-Feb-22,44.34033,-53.11917,2022_Maturity,TRUE,12,2022,TRUE,TRUE
21-SS-HIP-6540,J22-0029,141,1,99,20-Feb-22,44.34033,-53.11917,2022_Maturity,TRUE,12,2022,TRUE,TRUE
22-SS-HIP-1383,J22-0177,88,2,118,20-Oct-22,44.96033,-54.65383,2022_Maturity,TRUE,12,2022,TRUE,TRUE
22-SS-HIP-1394,J22-0177,99,2,156,21-Oct-22,44.91933,-55.427,2022_Maturity,TRUE,12,2022,TRUE,TRUE
22-SS-HIP-1404,J22-0177,109,2,121,22-Oct-22,44.81367,-55.58683,2022_Maturity,TRUE,12,2022,TRUE,TRUE
22-SS-HIP-1429,J22-0177,134,2,107,23-Oct-22,44.9835,-55.4975,2022_Maturity,TRUE,12,2022,TRUE,TRUE
22-SS-HIP-1432,J22-0177,137,2,117,23-Oct-22,45.00017,-55.407,2022_Maturity,TRUE,12,2022,TRUE,TRUE
22-SS-HIP-1433,J22-0177,138,1,107,23-Oct-22,45.00017,-55.407,2022_Maturity,TRUE,12,2022,TRUE,TRUE
22-SS-HIP-1453,J22-0177,158,2,167,24-Oct-22,44.822,-55.58033,2022_Maturity,TRUE,12,2022,TRUE,TRUE
22-SS-HIP-1702,J22-0177,1,1,80,16-Oct-22,44.79483,-55.68733,2022_Maturity,TRUE,12,2022,TRUE,TRUE
22-SS-HIP-1708,J22-0177,7,2,133,16-Oct-22,44.74983,-55.69133,2022_Maturity,TRUE,12,2022,TRUE,TRUE
22-SS-HIP-1712,J22-0177,11,1,86,16-Oct-22,44.74983,-55.69133,2022_Maturity,TRUE,12,2022,TRUE,TRUE
22-SS-HIP-1714,J22-0177,13,1,79,16-Oct-22,44.819,-55.572,2022_Maturity,TRUE,12,2022,TRUE,TRUE
22-SS-HIP-1715,J22-0177,14,1,83,16-Oct-22,44.819,-55.572,2022_Maturity,TRUE,12,2022,TRUE,TRUE
22-SS-HIP-1722,J22-0177,21,2,143,16-Oct-22,44.7845,-55.5565,2022_Maturity,TRUE,12,2022,TRUE,TRUE
22-SS-HIP-1732,J22-0177,31,1,95,17-Oct-22,44.8245,-55.57183,2022_Maturity,TRUE,12,2022,TRUE,TRUE
22-SS-HIP-1734,J22-0177,33,2,136,17-Oct-22,44.8245,-55.57183,2022_Maturity,TRUE,12,2022,TRUE,TRUE
22-SS-HIP-1735,J22-0177,34,2,136,17-Oct-22,44.8245,-55.57183,2022_Maturity,TRUE,12,2022,TRUE,TRUE
22-SS-HIP-1736,J22-0177,35,2,135,17-Oct-22,44.8245,-55.57183,2022_Maturity,TRUE,12,2022,TRUE,TRUE
22-SS-HIP-1741,J22-0177,40,2,149,17-Oct-22,44.7735,-55.584,2022_Maturity,TRUE,12,2022,TRUE,TRUE
22-SS-HIP-1756,J22-0177,56,2,150,18-Oct-22,44.87383,-55.42383,2022_Maturity,TRUE,12,2022,TRUE,TRUE
22-SS-HIP-1767,J22-0177,67,2,140,19-Oct-22,44.82517,-55.56083,2022_Maturity,TRUE,12,2022,TRUE,TRUE
22-SS-HIP-1775,J22-0177,75,2,168,19-Oct-22,44.775,-55.63883,2022_Maturity,TRUE,12,2022,TRUE,TRUE
22-SS-HIP-1778,J22-0177,78,2,104,19-Oct-22,44.756,-55.72083,2022_Maturity,TRUE,12,2022,TRUE,TRUE
22-SS-HIP-1947,J23-0031,3,2,178,28-Jan-23,42.07633,-65.57767,2022_Maturity,TRUE,12,2022,TRUE,TRUE
22-SS-HIP-1956,J23-0031,13,2,153,28-Jan-23,42.04883,-65.54317,2022_Maturity,TRUE,12,2022,TRUE,TRUE
22-SS-HIP-1963,J23-0031,20,2,162,29-Jan-23,42.08467,-65.57733,2022_Maturity,TRUE,12,2022,TRUE,TRUE
22-SS-HIP-1992,J23-0031,49,1,108,30-Jan-23,42.07117,-65.5665,2022_Maturity,TRUE,12,2022,TRUE,TRUE
22-SS-HIP-1757,J22-0177,57,2,141,18-Oct-22,44.87383,-55.42383,2022_Maturity2022_Maturity,TRUE,12,2022,TRUE,TRUE
20-SS-HS-HYP-117,J20-0020A,344,1,119,06-Jun-20,44.44617,-57.24117,2020_HalibutSurvey,TRUE,13,2020,TRUE,TRUE
20-SS-HS-HYP-131,J20-0020A,365,1,104,06-Jun-20,44.42833,-57.26867,2020_HalibutSurvey,TRUE,13,2020,TRUE,TRUE
20-SS-HS-HYP-136,J20-0020A,416,2,114,07-Jun-20,44.6535,-56.88833,2020_HalibutSurvey,TRUE,13,2020,TRUE,TRUE
20-SS-HS-HYP-17,J20-0020A,139,1,96,05-Jun-20,44.33417,-57.50967,2020_HalibutSurvey,TRUE,13,2020,TRUE,TRUE
20-SS-HS-HYP-181,J20-0020A,515,1,97,08-Jun-20,44.702,-56.86817,2020_HalibutSurvey,TRUE,13,2020,TRUE,TRUE
20-SS-HS-HYP-190,J20-0020A,527,1,103,09-Jun-20,44.69183,-56.92067,2020_HalibutSurvey,TRUE,13,2020,TRUE,TRUE
20-SS-HS-HYP-192,J20-0020A,529,2,150,09-Jun-20,44.69183,-56.92067,2020_HalibutSurvey,TRUE,13,2020,TRUE,TRUE
20-SS-HS-HYP-208,J20-0020A,592,2,168,10-Jun-20,44.62617,-56.48983,2020_HalibutSurvey,TRUE,13,2020,TRUE,TRUE
20-SS-HS-HYP-233,J20-0020A,628,1,120,10-Jun-20,44.63083,-56.4545,2020_HalibutSurvey,TRUE,13,2020,TRUE,TRUE
20-SS-HS-HYP-24,J20-0020A,164,2,138,05-Jun-20,44.33417,-57.50967,2020_HalibutSurvey,TRUE,13,2020,TRUE,TRUE
20-SS-HS-HYP-240,J20-0020A,639,1,112,10-Jun-20,44.6205,-56.51683,2020_HalibutSurvey,TRUE,13,2020,TRUE,TRUE
20-SS-HS-HYP-25,J20-0020A,168,2,134,05-Jun-20,44.33417,-57.50967,2020_HalibutSurvey,TRUE,13,2020,TRUE,TRUE
20-SS-HS-HYP-258,J20-0020A,663,2,92,11-Jun-20,44.39833,-57.377,2020_HalibutSurvey,TRUE,13,2020,TRUE,TRUE
20-SS-HS-HYP-268,J20-0020A,679,2,164,11-Jun-20,44.39833,-57.377,2020_HalibutSurvey,TRUE,13,2020,TRUE,TRUE
20-SS-HS-HYP-36,J20-0020A,184,1,109,05-Jun-20,44.35133,-57.50783,2020_HalibutSurvey,TRUE,13,2020,TRUE,TRUE
20-SS-HS-HYP-521,J20-0020B,NA,2,187,29-Jun-20,44.47117,-50.259,2020_HalibutSurvey,TRUE,13,2020,TRUE,TRUE
20-SS-HS-HYP-537,J20-0020B,NA,1,116,01-Jul-20,44.11367,-50.73867,2020_HalibutSurvey,TRUE,13,2020,TRUE,TRUE
20-SS-HS-HYP-549,J20-0020B,NA,2,142,04-Jul-20,42.91233,-50.71783,2020_HalibutSurvey,TRUE,13,2020,TRUE,TRUE
20-SS-HS-HYP-555,J20-0020B,NA,1,97,04-Jul-20,42.91667,-50.73117,2020_HalibutSurvey,TRUE,13,2020,TRUE,TRUE
20-SS-HS-HYP-557,J20-0020B,NA,2,126,04-Jul-20,42.91667,-50.73117,2020_HalibutSurvey,TRUE,13,2020,TRUE,TRUE
20-SS-HS-HYP-558,J20-0020B,NA,2,105,04-Jul-20,42.91667,-50.73117,2020_HalibutSurvey,TRUE,13,2020,TRUE,TRUE
20-SS-HS-HYP-561,J20-0020B,NA,2,156,04-Jul-20,42.91667,-50.73117,2020_HalibutSurvey,TRUE,13,2020,TRUE,TRUE
20-SS-HS-HYP-587,J20-0020B,NA,2,153,04-Jul-20,42.8825,-50.65283,2020_HalibutSurvey,TRUE,13,2020,TRUE,TRUE
20-SS-HS-HYP-594,J20-0020B,NA,2,142,04-Jul-20,42.8745,-50.632,2020_HalibutSurvey,TRUE,13,2020,TRUE,TRUE
20-SS-HS-HYP-602,J20-0020B,NA,2,137,04-Jul-20,42.8745,-50.632,2020_HalibutSurvey,TRUE,13,2020,TRUE,TRUE
20-SS-HS-HYP-617,J20-0020B,NA,2,134,05-Jul-20,42.88283,-50.5465,2020_HalibutSurvey,TRUE,13,2020,TRUE,TRUE
20-SS-HS-HYP-620,J20-0020B,NA,1,90,05-Jul-20,42.88283,-50.5465,2020_HalibutSurvey,TRUE,13,2020,TRUE,TRUE
20-SS-HS-HYP-643,J20-0020B,NA,2,117,05-Jul-20,42.83333,-50.54033,2020_HalibutSurvey,TRUE,13,2020,TRUE,TRUE
20-SS-HS-HYP-647,J20-0020B,NA,2,157,05-Jul-20,42.83333,-50.54033,2020_HalibutSurvey,TRUE,13,2020,TRUE,TRUE
20-SS-HS-HYP-755,J20-0020B,NA,1,114,05-Jul-20,42.842,-50.51517,2020_HalibutSurvey,TRUE,13,2020,TRUE,TRUE
21-SS-HIP-0391,J21-0004A,87,2,119,NA,42.872,-50.713,2021_HalSurvTagObs_HalibutSurvey,TRUE,13,2021,TRUE,TRUE
21-SS-HIP-1326,J21-0004B,341,1,112,NA,43.43933,-51.88433,2021_HalSurvTagObs_HalibutSurvey,TRUE,13,2021,TRUE,TRUE
21-SS-HIP-2181,J21-0004B,290,2,128,NA,43.666,-52.14917,2021_HalSurvTagObs_HalibutSurvey,TRUE,13,2021,TRUE,TRUE
21-SS-HIP-3101,J22-0187,104,2,114,04-Dec-22,44.55817,-57.0445,2022_Maturity,TRUE,13,2022,TRUE,TRUE
21-SS-HIP-4252,J23-0004,41,1,104,23-Jan-23,44.34433,-53.38467,2022_Maturity,TRUE,13,2022,TRUE,TRUE
21-SS-HIP-5268,J22-0190,18,1,83,27-Nov-22,44.95717,-54.5675,2022_Maturity,TRUE,13,2022,TRUE,TRUE
21-SS-HIP-5270,J22-0190,20,1,88,27-Nov-22,44.95717,-54.5675,2022_Maturity,TRUE,13,2022,TRUE,TRUE
21-SS-HIP-5381,J23-0004,309,2,141,26-Jan-23,44.11333,-52.98667,2022_Maturity,TRUE,13,2022,TRUE,TRUE
21-SS-HIP-5383,J23-0004,322,2,130,27-Jan-23,44.078,-52.93,2022_Maturity,TRUE,13,2022,TRUE,TRUE
21-SS-HIP-6330,J22-0029,12,2,125,08-Feb-22,44.49317,-57.16583,2022_Maturity,TRUE,13,2022,TRUE,TRUE
22-SS-HIP-0987,J22-0180,15,1,67,21-Oct-22,43.2485,-64.124,2022_Maturity,TRUE,13,2022,TRUE,TRUE
22-SS-HIP-1398,J22-0177,104,2,141,22-Oct-22,44.78533,-55.551,2022_Maturity,TRUE,13,2022,TRUE,TRUE
22-SS-HIP-1413,J22-0177,118,2,141,23-Oct-22,44.86767,-55.43917,2022_Maturity,TRUE,13,2022,TRUE,TRUE
22-SS-HIP-1446,J22-0177,151,1,95,24-Oct-22,44.822,-55.58033,2022_Maturity,TRUE,13,2022,TRUE,TRUE
22-SS-HIP-1452,J22-0177,157,1,77,24-Oct-22,44.822,-55.58033,2022_Maturity,TRUE,13,2022,TRUE,TRUE
22-SS-HIP-1723,J22-0177,22,2,127,16-Oct-22,44.7845,-55.5565,2022_Maturity,TRUE,13,2022,TRUE,TRUE
22-SS-HIP-1731,J22-0177,30,1,80,17-Oct-22,44.8245,-55.57183,2022_Maturity,TRUE,13,2022,TRUE,TRUE
22-SS-HIP-1737,J22-0177,36,2,155,17-Oct-22,44.8245,-55.57183,2022_Maturity,TRUE,13,2022,TRUE,TRUE
22-SS-HIP-1738,J22-0177,37,1,90,17-Oct-22,44.8245,-55.57183,2022_Maturity,TRUE,13,2022,TRUE,TRUE
22-SS-HIP-1744,J22-0177,43,2,139,17-Oct-22,44.87267,-55.427,2022_Maturity,TRUE,13,2022,TRUE,TRUE
22-SS-HIP-1755,J22-0177,55,2,177,18-Oct-22,44.78783,-55.54017,2022_Maturity,TRUE,13,2022,TRUE,TRUE
22-SS-HIP-1760,J22-0177,60,2,121,18-Oct-22,44.91167,-55.32483,2022_Maturity,TRUE,13,2022,TRUE,TRUE
22-SS-HIP-1768,J22-0177,68,1,98,19-Oct-22,44.82517,-55.56083,2022_Maturity,TRUE,13,2022,TRUE,TRUE
22-SS-HIP-1772,J22-0177,72,2,141,19-Oct-22,44.78383,-55.54967,2022_Maturity,TRUE,13,2022,TRUE,TRUE
22-SS-HIP-1773,J22-0177,73,2,128,19-Oct-22,44.775,-55.63883,2022_Maturity,TRUE,13,2022,TRUE,TRUE
22-SS-HIP-1995,J23-0031,52,2,162,31-Jan-23,42.0475,-65.54017,2022_Maturity,TRUE,13,2022,TRUE,TRUE
22-SS-HIP-1740,J22-0177,39,2,131,17-Oct-22,44.7735,-55.584,2022_Maturity2022_Maturity,TRUE,13,2022,TRUE,TRUE
20-SS-HS-HYP-1174,J20-0020B,NA,2,120,07-Jul-20,42.87967,-50.14933,2020_HalibutSurvey,TRUE,14,2020,TRUE,TRUE
20-SS-HS-HYP-15,J20-0020A,137,2,98,05-Jun-20,44.33417,-57.50967,2020_HalibutSurvey,TRUE,14,2020,TRUE,TRUE
20-SS-HS-HYP-20,J20-0020A,144,1,101,05-Jun-20,44.33417,-57.50967,2020_HalibutSurvey,TRUE,14,2020,TRUE,TRUE
20-SS-HS-HYP-216,J20-0020A,603,1,131,10-Jun-20,44.62617,-56.48983,2020_HalibutSurvey,TRUE,14,2020,TRUE,TRUE
20-SS-HS-HYP-219,J20-0020A,611,1,112,10-Jun-20,44.62617,-56.48983,2020_HalibutSurvey,TRUE,14,2020,TRUE,TRUE
20-SS-HS-HYP-23,J20-0020A,161,2,118,05-Jun-20,44.33417,-57.50967,2020_HalibutSurvey,TRUE,14,2020,TRUE,TRUE
20-SS-HS-HYP-248,J20-0020A,650,1,115,10-Jun-20,44.59317,-56.56867,2020_HalibutSurvey,TRUE,14,2020,TRUE,TRUE
20-SS-HS-HYP-271,J20-0020A,686,2,182,11-Jun-20,44.39833,-57.377,2020_HalibutSurvey,TRUE,14,2020,TRUE,TRUE
20-SS-HS-HYP-33,J20-0020A,179,2,132,05-Jun-20,44.35133,-57.50783,2020_HalibutSurvey,TRUE,14,2020,TRUE,TRUE
20-SS-HS-HYP-487,J20-0020B,NA,2,129,28-Jun-20,44.425,-51.7655,2020_HalibutSurvey,TRUE,14,2020,TRUE,TRUE
20-SS-HS-HYP-518,J20-0020B,NA,2,170,29-Jun-20,44.47117,-50.259,2020_HalibutSurvey,TRUE,14,2020,TRUE,TRUE
20-SS-HS-HYP-554,J20-0020B,NA,1,115,04-Jul-20,42.91667,-50.73117,2020_HalibutSurvey,TRUE,14,2020,TRUE,TRUE
20-SS-HS-HYP-58,J20-0020A,210,2,133,05-Jun-20,44.38317,-57.453,2020_HalibutSurvey,TRUE,14,2020,TRUE,TRUE
20-SS-HS-HYP-59,J20-0020A,211,2,107,05-Jun-20,44.38317,-57.453,2020_HalibutSurvey,TRUE,14,2020,TRUE,TRUE
20-SS-HS-HYP-613,J20-0020B,NA,1,129,05-Jul-20,42.88283,-50.5465,2020_HalibutSurvey,TRUE,14,2020,TRUE,TRUE
20-SS-HS-HYP-629,J20-0020B,NA,2,160,05-Jul-20,42.85533,-50.5645,2020_HalibutSurvey,TRUE,14,2020,TRUE,TRUE
20-SS-HS-HYP-633,J20-0020B,NA,1,131,05-Jul-20,42.85533,-50.5645,2020_HalibutSurvey,TRUE,14,2020,TRUE,TRUE
20-SS-HS-HYP-86,J20-0020A,277,1,141,06-Jun-20,44.39783,-57.31867,2020_HalibutSurvey,TRUE,14,2020,TRUE,TRUE
21-SS-HIP-3374,J21-9004,90,1,148,10-Jun-21,43.2635,-66.53283,2021_FishMorph_HalibutSurvey,TRUE,14,2021,TRUE,TRUE
21-SS-HIP-0436,J21-0006A,49,1,112,11-Jun-21,46.36733,-56.961,2021_HalSurvTagObs_HalibutSurvey,TRUE,14,2021,TRUE,TRUE
21-SS-HIP-1230,J21-0004A,522,1,135,NA,43.04483,-49.67417,2021_HalSurvTagObs_HalibutSurvey,TRUE,14,2021,TRUE,TRUE
21-SS-HIP-1317,J21-0004B,330,2,141,NA,43.44567,-51.93983,2021_HalSurvTagObs_HalibutSurvey,TRUE,14,2021,TRUE,TRUE
21-SS-HIP-1712,J21-0006A,159,1,111,19-Jun-21,44.33017,-53.15033,2021_HalSurvTagObs_HalibutSurvey,TRUE,14,2021,TRUE,TRUE
21-SS-HIP-3050,J22-0190,211,1,95,06-Dec-22,44.37117,-53.42383,2022_Maturity,TRUE,14,2022,TRUE,TRUE
21-SS-HIP-3111,J22-0187,114,1,118,05-Dec-22,44.52117,-56.74917,2022_Maturity,TRUE,14,2022,TRUE,TRUE
21-SS-HIP-4792,J22-0187,13,2,148,23-Nov-22,43.44367,-60.05867,2022_Maturity,TRUE,14,2022,TRUE,TRUE
21-SS-HIP-5384,J23-0004,327,2,138,27-Jan-23,44.078,-52.93,2022_Maturity,TRUE,14,2022,TRUE,TRUE
21-SS-HIP-5407,J23-0004,424,2,183,28-Jan-23,43.74333,-52.5,2022_Maturity,TRUE,14,2022,TRUE,TRUE
21-SS-HIP-6321,J22-0029,3,1,91,07-Feb-22,44.65383,-56.8905,2022_Maturity,TRUE,14,2022,TRUE,TRUE
21-SS-HIP-6542,J22-0029,143,1,96,20-Feb-22,44.34033,-53.11917,2022_Maturity,TRUE,14,2022,TRUE,TRUE
22-SS-HIP-1391,J22-0177,96,1,99,21-Oct-22,44.95467,-55.16917,2022_Maturity,TRUE,14,2022,TRUE,TRUE
22-SS-HIP-1415,J22-0177,120,2,164,23-Oct-22,44.86767,-55.43917,2022_Maturity,TRUE,14,2022,TRUE,TRUE
22-SS-HIP-1426,J22-0177,131,2,150,23-Oct-22,44.941,-55.46833,2022_Maturity,TRUE,14,2022,TRUE,TRUE
22-SS-HIP-1442,J22-0177,147,2,156,24-Oct-22,44.91333,-55.44383,2022_Maturity,TRUE,14,2022,TRUE,TRUE
22-SS-HIP-1449,J22-0177,154,1,80,24-Oct-22,44.822,-55.58033,2022_Maturity,TRUE,14,2022,TRUE,TRUE
22-SS-HIP-1709,J22-0177,8,1,83,16-Oct-22,44.74983,-55.69133,2022_Maturity,TRUE,14,2022,TRUE,TRUE
22-SS-HIP-1721,J22-0177,20,2,143,16-Oct-22,44.819,-55.572,2022_Maturity,TRUE,14,2022,TRUE,TRUE
22-SS-HIP-1728,J22-0177,27,2,138,17-Oct-22,44.786,-55.56583,2022_Maturity,TRUE,14,2022,TRUE,TRUE
22-SS-HIP-1746,J22-0177,45,2,169,17-Oct-22,44.87267,-55.427,2022_Maturity,TRUE,14,2022,TRUE,TRUE
22-SS-HIP-1766,J22-0177,66,2,105,18-Oct-22,44.95467,-55.37617,2022_Maturity,TRUE,14,2022,TRUE,TRUE
22-SS-HIP-1949,J23-0031,6,1,119,28-Jan-23,42.07633,-65.57767,2022_Maturity,TRUE,14,2022,TRUE,TRUE
22-SS-HIP-1950,J23-0031,7,2,185,28-Jan-23,42.07633,-65.57767,2022_Maturity,TRUE,14,2022,TRUE,TRUE
22-SS-HIP-1953,J23-0031,10,2,175,28-Jan-23,42.04883,-65.54317,2022_Maturity,TRUE,14,2022,TRUE,TRUE
22-SS-HIP-1993,J23-0031,50,1,106,30-Jan-23,42.07117,-65.5665,2022_Maturity,TRUE,14,2022,TRUE,TRUE
20-SS-HS-HYP-12,J20-0020A,132,1,111,05-Jun-20,44.33333,-57.58833,2020_HalibutSurvey,TRUE,15,2020,TRUE,TRUE
20-SS-HS-HYP-125,J20-0020A,357,1,99,06-Jun-20,44.42833,-57.26867,2020_HalibutSurvey,TRUE,15,2020,TRUE,TRUE
20-SS-HS-HYP-157,J20-0020A,447,1,110,07-Jun-20,44.66033,-56.9395,2020_HalibutSurvey,TRUE,15,2020,TRUE,TRUE
20-SS-HS-HYP-198,J20-0020A,540,2,171,09-Jun-20,44.69183,-56.92067,2020_HalibutSurvey,TRUE,15,2020,TRUE,TRUE
20-SS-HS-HYP-206,J20-0020A,551,1,125,09-Jun-20,44.5495,-56.8325,2020_HalibutSurvey,TRUE,15,2020,TRUE,TRUE
20-SS-HS-HYP-209,J20-0020A,593,1,108,10-Jun-20,44.62617,-56.48983,2020_HalibutSurvey,TRUE,15,2020,TRUE,TRUE
20-SS-HS-HYP-232,J20-0020A,627,2,100,10-Jun-20,44.63083,-56.4545,2020_HalibutSurvey,TRUE,15,2020,TRUE,TRUE
20-SS-HS-HYP-255,J20-0020A,659,1,103,10-Jun-20,44.58333,-56.63567,2020_HalibutSurvey,TRUE,15,2020,TRUE,TRUE
20-SS-HS-HYP-35,J20-0020A,181,1,103,05-Jun-20,44.35133,-57.50783,2020_HalibutSurvey,TRUE,15,2020,TRUE,TRUE
20-SS-HS-HYP-48,J20-0020A,200,1,113,05-Jun-20,44.37167,-57.47567,2020_HalibutSurvey,TRUE,15,2020,TRUE,TRUE
20-SS-HS-HYP-548,J20-0020B,NA,2,166,04-Jul-20,42.91233,-50.71783,2020_HalibutSurvey,TRUE,15,2020,TRUE,TRUE
20-SS-HS-HYP-550,J20-0020B,NA,2,136,04-Jul-20,42.91233,-50.71783,2020_HalibutSurvey,TRUE,15,2020,TRUE,TRUE
20-SS-HS-HYP-590,J20-0020B,NA,2,161,04-Jul-20,42.8825,-50.65283,2020_HalibutSurvey,TRUE,15,2020,TRUE,TRUE
20-SS-HS-HYP-9,J20-0020A,116,1,98,05-Jun-20,44.33333,-57.58833,2020_HalibutSurvey,TRUE,15,2020,TRUE,TRUE
20-SS-HS-HYP-98,J20-0020A,311,2,146,06-Jun-20,44.41017,-57.2825,2020_HalibutSurvey,TRUE,15,2020,TRUE,TRUE
20-SS-HS-HYP-99,J20-0020A,312,1,115,06-Jun-20,44.41017,-57.2825,2020_HalibutSurvey,TRUE,15,2020,TRUE,TRUE
21-SS-HIP-0504,J21-0007,30,2,83,13-Jun-21,47.28117,-60.28017,2021_HalSurvTagObs_HalibutSurvey,TRUE,15,2021,TRUE,TRUE
21-SS-HIP-2917,J22-9011,37,1,100,04-Jun-22,42.75,-63.30333,2022_FishMorphology_Port,TRUE,15,2022,TRUE,FALSE
21-SS-HIP-2976,J22-9013,36,1,116,20-Jul-22,42.73233,-65.32333,2022_FishMorphology_Port,TRUE,15,2022,TRUE,FALSE
21-SS-HIP-3915,J22-9006,35,1,137,06-Jun-22,44.4125,-66.75383,2022_FishMorphology_Port,TRUE,15,2022,TRUE,TRUE
21-SS-HIP-6371,J22-0029,53,1,77,12-Feb-22,44.493,-57.173,2022_Maturity,TRUE,15,2022,TRUE,TRUE
21-SS-HIP-6517,J22-0029,118,1,92,19-Feb-22,44.38083,-53.42667,2022_Maturity,TRUE,15,2022,TRUE,TRUE
21-SS-HIP-6538,J22-0029,139,1,114,20-Feb-22,44.34033,-53.11917,2022_Maturity,TRUE,15,2022,TRUE,TRUE
22-SS-HIP-1450,J22-0177,155,1,100,24-Oct-22,44.822,-55.58033,2022_Maturity,TRUE,15,2022,TRUE,TRUE
22-SS-HIP-1727,J22-0177,26,1,100,17-Oct-22,44.786,-55.56583,2022_Maturity,TRUE,15,2022,TRUE,TRUE
22-SS-HIP-1739,J22-0177,38,1,83,17-Oct-22,44.7735,-55.584,2022_Maturity,TRUE,15,2022,TRUE,TRUE
22-SS-HIP-1948,J23-0031,4,2,180,28-Jan-23,42.07633,-65.57767,2022_Maturity,TRUE,15,2022,TRUE,TRUE
22-SS-HIP-1957,J23-0031,14,1,107,28-Jan-23,42.04883,-65.54317,2022_Maturity,TRUE,15,2022,TRUE,TRUE
20-SS-HS-HYP-114,J20-0020A,340,1,113,06-Jun-20,44.44617,-57.24117,2020_HalibutSurvey,TRUE,16,2020,TRUE,TRUE
20-SS-HS-HYP-205,J20-0020A,550,1,94,09-Jun-20,44.5495,-56.8325,2020_HalibutSurvey,TRUE,16,2020,TRUE,TRUE
20-SS-HS-HYP-242,J20-0020A,641,1,118,10-Jun-20,44.6205,-56.51683,2020_HalibutSurvey,TRUE,16,2020,TRUE,TRUE
20-SS-HS-HYP-89,J20-0020A,282,2,170,06-Jun-20,44.39783,-57.31867,2020_HalibutSurvey,TRUE,16,2020,TRUE,TRUE
21-SS-HIP-5050,J21-0128,29,2,125,15-Jul-21,45.122,-57.795,2021_HalibutSurvey,TRUE,16,2021,TRUE,TRUE
21-SS-HIP-1743,J21-0006A,222,2,126,21-Jun-21,44.98717,-54.62767,2021_HalSurvTagObs_HalibutSurvey,TRUE,16,2021,TRUE,TRUE
21-SS-HIP-1810,J21-0006B,39,2,152,09-Jul-21,44.76683,-52.34783,2021_HalSurvTagObs_HalibutSurvey,TRUE,16,2021,TRUE,TRUE
21-SS-HIP-3157,J22-0187,161,2,175,09-Dec-22,44.13367,-59.142,2022_Maturity,TRUE,16,2022,TRUE,TRUE
21-SS-HIP-5348,J23-0004,176,2,161,25-Jan-23,44.3585,-53.09783,2022_Maturity,TRUE,16,2022,TRUE,TRUE
22-SS-HIP-1387,J22-0177,92,2,125,20-Oct-22,44.9235,-54.615,2022_Maturity,TRUE,16,2022,TRUE,TRUE
22-SS-HIP-1401,J22-0177,106,1,98,22-Oct-22,44.81367,-55.58683,2022_Maturity,TRUE,16,2022,TRUE,TRUE
22-SS-HIP-1414,J22-0177,119,2,180,23-Oct-22,44.86767,-55.43917,2022_Maturity,TRUE,16,2022,TRUE,TRUE
22-SS-HIP-1717,J22-0177,16,1,95,16-Oct-22,44.819,-55.572,2022_Maturity,TRUE,16,2022,TRUE,TRUE
22-SS-HIP-1758,J22-0177,58,1,131,18-Oct-22,44.91167,-55.32483,2022_Maturity,TRUE,16,2022,TRUE,TRUE
22-SS-HIP-1985,J23-0031,42,2,191,30-Jan-23,42.05433,-65.55867,2022_Maturity,TRUE,16,2022,TRUE,TRUE
20-SS-HS-HYP-110,J20-0020A,329,1,119,06-Jun-20,44.41017,-57.2825,2020_HalibutSurvey,TRUE,17,2020,TRUE,TRUE
20-SS-HS-HYP-156,J20-0020A,446,1,114,07-Jun-20,44.66033,-56.9395,2020_HalibutSurvey,TRUE,17,2020,TRUE,TRUE
20-SS-HS-HYP-162,J20-0020A,455,1,118,08-Jun-20,44.67283,-56.89533,2020_HalibutSurvey,TRUE,17,2020,TRUE,TRUE
21-SS-HIP-1777,J21-0006A,280,1,110,23-Jun-21,44.88033,-56.14683,2021_HalSurvTagObs_HalibutSurvey,TRUE,17,2021,TRUE,TRUE
21-SS-HIP-3019,J22-0190,176,2,156,05-Dec-22,44.95767,-54.56633,2022_Maturity,TRUE,17,2022,TRUE,TRUE
21-SS-HIP-3148,J22-0187,152,2,162,07-Dec-22,44.57117,-56.83567,2022_Maturity,TRUE,17,2022,TRUE,TRUE
21-SS-HIP-3150,J22-0187,154,2,136,07-Dec-22,44.59867,-56.74067,2022_Maturity,TRUE,17,2022,TRUE,TRUE
22-SS-HIP-1753,J22-0177,53,2,209,18-Oct-22,44.78783,-55.54017,2022_Maturity,TRUE,17,2022,TRUE,TRUE
20-SS-HS-HYP-220,J20-0020A,612,1,121,10-Jun-20,44.62617,-56.48983,2020_HalibutSurvey,TRUE,18,2020,TRUE,TRUE
20-SS-HS-HYP-551,J20-0020B,NA,2,173,04-Jul-20,42.91233,-50.71783,2020_HalibutSurvey,TRUE,18,2020,TRUE,TRUE
20-SS-HS-HYP-560,J20-0020B,NA,1,120,04-Jul-20,42.91667,-50.73117,2020_HalibutSurvey,TRUE,18,2020,TRUE,TRUE
20-SS-HS-HYP-589,J20-0020B,NA,1,123,04-Jul-20,42.8825,-50.65283,2020_HalibutSurvey,TRUE,18,2020,TRUE,TRUE
20-SS-HS-HYP-772,J20-0020B,NA,1,120,06-Jul-20,42.9125,-50.76817,2020_HalibutSurvey,TRUE,18,2020,TRUE,TRUE
21-SS-HIP-3051,J22-0190,212,2,169,06-Dec-22,44.37117,-53.42383,2022_Maturity,TRUE,18,2022,TRUE,TRUE
21-SS-HIP-3058,J22-0190,217,1,127,07-Dec-22,44.3505,-53.26383,2022_Maturity,TRUE,18,2022,TRUE,TRUE
21-SS-HIP-5336,J22-0190,134,2,194,03-Dec-22,44.79733,-55.52417,2022_Maturity,TRUE,18,2022,TRUE,TRUE
21-SS-HIP-6325,J22-0029,7,1,82,08-Feb-22,44.5,-57.07033,2022_Maturity,TRUE,18,2022,TRUE,TRUE
22-SS-HIP-1724,J22-0177,23,2,125,17-Oct-22,44.786,-55.56583,2022_Maturity,TRUE,18,2022,TRUE,TRUE
LLNS18-3608,J18-0205,17,2,198,NA,42.2795,-65.80633,2018_IndustryData,TRUE,19,2018,FALSE,FALSE
20-SS-HS-HYP-108,J20-0020A,326,1,123,06-Jun-20,44.41017,-57.2825,2020_HalibutSurvey,TRUE,19,2020,TRUE,TRUE
21-SS-HIP-1300,J21-0004B,303,1,132,NA,43.54717,-52.04833,2021_HalSurvTagObs_HalibutSurvey,TRUE,19,2021,TRUE,TRUE
22-SS-HIP-1454,J22-0177,159,2,179,24-Oct-22,44.822,-55.58033,2022_Maturity,TRUE,19,2022,TRUE,TRUE
21-SS-HIP-5369,J23-0004,264,2,193,26-Jan-23,44.23033,-52.97317,2022_Maturity,TRUE,20,2022,TRUE,TRUE
21-SS-HIP-5056,J21-0128,44,1,98,15-Jul-21,45.033,-56.9435,2021_HalibutSurvey,TRUE,21,2021,TRUE,TRUE
21-SS-HIP-4234,J23-0004,24,1,110,23-Jan-23,44.34433,-53.38467,2022_Maturity,TRUE,21,2022,TRUE,TRUE
21-SS-HIP-1716,J21-0006A,163,2,180,19-Jun-21,44.33017,-53.15033,2021_HalSurvTagObs_HalibutSurvey,TRUE,23,2021,TRUE,TRUE
22-SS-HIP-2753,J22-0017A,271,1,126,06-Jun-22,44.66467,-57.244,2022_HalSurvTagObs_HalibutSurvey,TRUE,23,2022,TRUE,TRUE
24-SS-HIP-6730,NA,NA,UK,236,24-Jan-24,44.833333,-56.133333,2024_PortSampling,TRUE,29,2024,TRUE,FALSE
